{"type":"FeatureCollection","features":[{"type":"Feature","geometry":{"type":"LineString","coordinates":[[121.614966,25.065832],[121.612266,25.065528],[121.61066,25.065325]]},"properties":{"name":"中山高速公路","highway":"motorway","elevated":true}},{"type":"Feature","geometry":{"type":"LineString","coordinates":[[121.601936,25.023851],[121.601062,25.022926],[121.600345,25.022035],[121.600067,25.021514],[121.599684,25.020865],[121.599453,25.020389],[121.599045,25.019341],[121.598817,25.018799],[121.59849,25.017681],[121.598292,25.016891],[121.597446,25.013683],[121.597022,25.011864],[121.596392,25.00919]]},"properties":{"name":"福德隧道","highway":"motorway","elevated":false}},{"type":"Feature","geometry":{"type":"LineString","coordinates":[[121.596819,25.009389],[121.597358,25.011851],[121.597643,25.013072],[121.597883,25.014195],[121.598206,25.015577],[121.598578,25.017127],[121.598906,25.018163],[121.599108,25.018748],[121.599295,25.019285],[121.599745,25.020316],[121.599984,25.020826],[121.600644,25.021849],[121.601203,25.022574],[121.602327,25.023705]]},"properties":{"name":"福德隧道","highway":"motorway","elevated":false}},{"type":"Feature","geometry":{"type":"LineString","coordinates":[[121.602327,25.023705],[121.602708,25.024099],[121.603085,25.024485],[121.603724,25.025072],[121.604508,25.025741],[121.604838,25.02599],[121.605601,25.026531],[121.606233,25.026965]]},"properties":{"name":"福爾摩沙高速公路","highway":"motorway","elevated":false}},{"type":"Feature","geometry":{"type":"LineString","coordinates":[[121.625539,25.03442],[121.627278,25.033872],[121.628094,25.033615],[121.628995,25.033271],[121.629617,25.032992]]},"properties":{"name":"南港隧道","highway":"motorway","elevated":false}},{"type":"Feature","geometry":{"type":"LineString","coordinates":[[121.644246,25.012544],[121.643994,25.012958],[121.643774,25.013421],[121.643408,25.014201],[121.643028,25.015204],[121.642173,25.018251],[121.641376,25.020526],[121.640968,25.021706],[121.640664,25.022434],[121.640561,25.022671],[121.640089,25.023594],[121.639684,25.024572],[121.638887,25.025632],[121.638155,25.02681],[121.637806,25.027296],[121.637342,25.027826],[121.637017,25.028229],[121.636307,25.028937],[121.635113,25.03002],[121.63448,25.030535],[121.633589,25.031176],[121.632812,25.031695],[121.632318,25.031995],[121.631765,25.032335],[121.630753,25.032793]]},"properties":{"name":"石碇隧道","highway":"motorway","elevated":false}},{"type":"Feature","geometry":{"type":"LineString","coordinates":[[121.620384,25.035655],[121.62002,25.035358],[121.619044,25.034688]]},"properties":{"name":"福爾摩沙高速公路","highway":"motorway","elevated":false}},{"type":"Feature","geometry":{"type":"LineString","coordinates":[[121.61827,25.034072],[121.619124,25.034584]]},"properties":{"name":"福爾摩沙高速公路","highway":"motorway","elevated":true}},{"type":"Feature","geometry":{"type":"LineString","coordinates":[[121.535652,24.99625],[121.535637,24.996632],[121.535588,24.997045],[121.535539,24.997392],[121.5355,24.997704],[121.535479,24.997889],[121.535431,24.998179],[121.5354,24.998408],[121.535343,24.999121]]},"properties":{"name":"水源快速道路","highway":"trunk","elevated":true}},{"type":"Feature","geometry":{"type":"LineString","coordinates":[[121.535536,24.996091],[121.535538,24.99598],[121.535527,24.995694],[121.535448,24.995395],[121.535357,24.995106],[121.535197,24.994768],[121.533551,24.992328]]},"properties":{"name":"水源快速道路","highway":"trunk","elevated":true}},{"type":"Feature","geometry":{"type":"LineString","coordinates":[[121.501732,25.045328],[121.501658,25.045258],[121.501088,25.044804],[121.500863,25.044555],[121.500661,25.044223],[121.500442,25.043532],[121.500399,25.043453],[121.500169,25.042637],[121.500132,25.042463],[121.500025,25.042259],[121.499891,25.042073],[121.499647,25.04185],[121.496033,25.03909],[121.495584,25.038783],[121.495074,25.038503],[121.49285,25.037465],[121.492278,25.037148]]},"properties":{"name":"環河快速道路","highway":"trunk","elevated":true}},{"type":"Feature","geometry":{"type":"LineString","coordinates":[[121.537906,25.022609],[121.537884,25.022675]]},"properties":{"name":"建國快速道路","highway":"trunk","elevated":false}},{"type":"Feature","geometry":{"type":"LineString","coordinates":[[121.600075,25.002036],[121.599974,25.002056],[121.59988,25.002065],[121.599742,25.002067],[121.599665,25.002062],[121.59958,25.00205]]},"properties":{"name":"台北聯絡線","highway":"motorway","elevated":false}},{"type":"Feature","geometry":{"type":"LineString","coordinates":[[121.509524,25.078452],[121.508399,25.078435],[121.507189,25.078359],[121.506173,25.078293],[121.505033,25.078213]]},"properties":{"name":"汐止五股高架道路","highway":"motorway","elevated":true}},{"type":"Feature","geometry":{"type":"LineString","coordinates":[[121.533569,25.007523],[121.533244,25.008075],[121.532817,25.008633],[121.532695,25.008748],[121.53257,25.008868],[121.532454,25.008979],[121.532201,25.009192],[121.531983,25.009359],[121.531843,25.009459],[121.531711,25.009552],[121.531534,25.009654],[121.531359,25.009754],[121.531145,25.009868],[121.530944,25.009962],[121.530606,25.010096],[121.530051,25.010301],[121.529716,25.010435],[121.529415,25.010578],[121.529217,25.010711],[121.529043,25.010852],[121.528821,25.011074],[121.528633,25.011304],[121.528102,25.012098],[121.527911,25.012372],[121.527685,25.012712],[121.527201,25.013478],[121.526706,25.014191],[121.52634,25.014724],[121.525848,25.015432]]},"properties":{"name":"水源快速道路","highway":"trunk","elevated":true}},{"type":"Feature","geometry":{"type":"LineString","coordinates":[[121.595789,25.006311],[121.595437,25.004735]]},"properties":{"name":"福爾摩沙高速公路","highway":"motorway","elevated":true}},{"type":"Feature","geometry":{"type":"LineString","coordinates":[[121.53369,24.992318],[121.535246,24.99464],[121.535439,24.995013],[121.535512,24.995221],[121.535568,24.995445],[121.535624,24.995715],[121.535647,24.996042],[121.535649,24.996098],[121.535652,24.99625]]},"properties":{"name":"水源快速道路","highway":"trunk","elevated":true}},{"type":"Feature","geometry":{"type":"LineString","coordinates":[[121.533551,24.992328],[121.533237,24.991884],[121.533187,24.991808]]},"properties":{"name":"環河路","highway":"trunk","elevated":false}},{"type":"Feature","geometry":{"type":"LineString","coordinates":[[121.494164,25.121435],[121.496781,25.121282],[121.497786,25.121216],[121.498088,25.121183],[121.498309,25.121142],[121.498503,25.121089],[121.498693,25.121016],[121.498875,25.120927],[121.499056,25.120812],[121.499201,25.120697],[121.499333,25.120576],[121.499436,25.120452],[121.499562,25.120274],[121.499659,25.120093],[121.499729,25.119898],[121.49977,25.119731],[121.499799,25.119546],[121.499814,25.119363],[121.499821,25.117812],[121.499818,25.117023],[121.499818,25.116627],[121.499785,25.116357]]},"properties":{"name":"洲美快速道路","highway":"trunk","elevated":true}},{"type":"Feature","geometry":{"type":"LineString","coordinates":[[121.499926,25.119303],[121.499909,25.119485],[121.499886,25.119635],[121.499853,25.119793],[121.499813,25.119952],[121.499709,25.1202],[121.49958,25.120432],[121.499408,25.120634],[121.499195,25.120827],[121.498969,25.120983],[121.498746,25.121096],[121.498537,25.121174],[121.498264,25.121242],[121.497987,25.121283],[121.497519,25.121319],[121.496787,25.121361],[121.494168,25.121513]]},"properties":{"name":"洲美快速道路","highway":"trunk","elevated":true}},{"type":"Feature","geometry":{"type":"LineString","coordinates":[[121.498672,25.10946],[121.498713,25.108752],[121.498778,25.107011],[121.498821,25.106382],[121.498867,25.105302],[121.498863,25.10497],[121.498963,25.10234],[121.498969,25.102015],[121.498953,25.101613],[121.49886,25.101019],[121.498676,25.100376]]},"properties":{"name":"洲美快速道路","highway":"trunk","elevated":true}},{"type":"Feature","geometry":{"type":"LineString","coordinates":[[121.576808,25.070054],[121.575977,25.070254],[121.5754,25.070381],[121.574851,25.070492],[121.574191,25.070614],[121.573358,25.070758],[121.57265,25.070852],[121.571913,25.070947],[121.571195,25.071024],[121.570299,25.071102],[121.56913,25.07117],[121.567955,25.071204]]},"properties":{"name":"中山高速公路","highway":"motorway","elevated":true}},{"type":"Feature","geometry":{"type":"LineString","coordinates":[[121.580267,25.068857],[121.580871,25.068632],[121.583418,25.0676],[121.585686,25.066666],[121.587236,25.066029]]},"properties":{"name":"中山高速公路","highway":"motorway","elevated":true}},{"type":"Feature","geometry":{"type":"LineString","coordinates":[[121.613531,25.065788],[121.611799,25.065613],[121.607646,25.065048],[121.604417,25.064656],[121.602898,25.064466],[121.601323,25.064264],[121.600045,25.064108],[121.59957,25.064077],[121.599083,25.064039],[121.598712,25.064021],[121.597844,25.063994],[121.597078,25.063997],[121.596424,25.064022],[121.595677,25.064077],[121.594803,25.064155],[121.594106,25.064252],[121.593496,25.06436],[121.592416,25.064579],[121.591258,25.064864],[121.590377,25.065135],[121.589301,25.065519],[121.588055,25.066028],[121.586913,25.066492],[121.585895,25.066911],[121.584772,25.067369],[121.583526,25.06789],[121.58213,25.068454],[121.581434,25.068714],[121.580403,25.069088]]},"properties":{"name":"汐止五股高架道路","highway":"motorway","elevated":true}},{"type":"Feature","geometry":{"type":"LineString","coordinates":[[121.614992,25.065676],[121.617159,25.065927],[121.621194,25.066271]]},"properties":{"name":"中山高速公路","highway":"motorway","elevated":true}},{"type":"Feature","geometry":{"type":"LineString","coordinates":[[121.573026,25.072737],[121.573086,25.072308],[121.573108,25.07199],[121.573123,25.069824],[121.573107,25.069632],[121.573075,25.069379],[121.573032,25.069146],[121.572924,25.068845],[121.572495,25.067678],[121.572334,25.067231],[121.572216,25.066862],[121.572159,25.066534],[121.572148,25.066174],[121.572232,25.065062],[121.572235,25.065022],[121.572269,25.064462]]},"properties":{"name":"堤頂大道一段","highway":"trunk","elevated":false}},{"type":"Feature","geometry":{"type":"LineString","coordinates":[[121.581147,25.068685],[121.580235,25.069022],[121.579794,25.069169],[121.578777,25.069498],[121.577727,25.069809],[121.576808,25.070054]]},"properties":{"name":"中山高速公路","highway":"motorway","elevated":true}},{"type":"Feature","geometry":{"type":"LineString","coordinates":[[121.551364,25.044515],[121.552374,25.044398],[121.552846,25.044356],[121.553202,25.044318],[121.553517,25.044315],[121.553916,25.044333],[121.554272,25.044374],[121.554658,25.044442],[121.555164,25.044547],[121.555543,25.044637],[121.556537,25.044816],[121.557135,25.044946],[121.55793,25.045084],[121.558217,25.045127],[121.558523,25.045161],[121.558746,25.045173],[121.558988,25.045177],[121.560421,25.045168],[121.561384,25.045141],[121.561948,25.045095],[121.562328,25.045054],[121.563087,25.04492]]},"properties":{"name":"市民大道高架道路","highway":"trunk","elevated":true}},{"type":"Feature","geometry":{"type":"LineString","coordinates":[[121.542339,25.044757],[121.541796,25.044712],[121.541289,25.04468],[121.540993,25.044674],[121.540712,25.044675],[121.540324,25.044691],[121.539917,25.044708],[121.539605,25.044725],[121.539435,25.044734],[121.53896,25.044751],[121.537941,25.044774],[121.537536,25.044782],[121.536668,25.044825],[121.535817,25.044873],[121.535516,25.0449],[121.53523,25.044936],[121.535034,25.044965],[121.534644,25.045031],[121.534234,25.045132],[121.533827,25.045246],[121.531482,25.045897],[121.530717,25.046124],[121.529959,25.046332],[121.529538,25.046451],[121.529076,25.046584],[121.528178,25.046853],[121.527549,25.047045],[121.526987,25.047202],[121.526659,25.047303]]},"properties":{"name":"市民大道高架道路","highway":"trunk","elevated":true}},{"type":"Feature","geometry":{"type":"LineString","coordinates":[[121.584163,25.05868],[121.579101,25.055974],[121.576685,25.054669]]},"properties":{"name":"環東大道","highway":"trunk","elevated":true}},{"type":"Feature","geometry":{"type":"LineString","coordinates":[[121.526613,25.047199],[121.526945,25.047101],[121.527444,25.04691],[121.528071,25.046711],[121.529134,25.046386],[121.53013,25.046127],[121.53057,25.046027],[121.531007,25.045905],[121.531318,25.04584],[121.531575,25.045779],[121.532669,25.045467],[121.533799,25.045147],[121.53452,25.044984],[121.534835,25.044922],[121.535131,25.044872],[121.535346,25.04484],[121.535704,25.044807],[121.536107,25.044778],[121.537729,25.044692],[121.53813,25.044663],[121.538502,25.044633],[121.539258,25.044578],[121.540235,25.044527],[121.540933,25.044508],[121.541306,25.044519],[121.541561,25.044542],[121.541863,25.044576],[121.542348,25.044641]]},"properties":{"name":"市民大道高架道路","highway":"trunk","elevated":true}},{"type":"Feature","geometry":{"type":"LineString","coordinates":[[121.572988,25.060153],[121.573191,25.059051],[121.573239,25.058529],[121.573227,25.058287],[121.573184,25.058063],[121.573071,25.057774],[121.57294,25.057563],[121.572775,25.057358],[121.572546,25.057128],[121.570468,25.055138],[121.570206,25.054869],[121.570062,25.054653],[121.569982,25.054494],[121.569941,25.05437],[121.569909,25.054203],[121.569902,25.05402],[121.569917,25.053846],[121.570123,25.052607]]},"properties":{"name":"麥帥二橋","highway":"trunk","elevated":true}},{"type":"Feature","geometry":{"type":"LineString","coordinates":[[121.57268,25.061744],[121.572775,25.061382],[121.572823,25.061153],[121.572988,25.060153]]},"properties":{"name":null,"highway":"trunk","elevated":false}},{"type":"Feature","geometry":{"type":"LineString","coordinates":[[121.569815,25.050131],[121.569837,25.050248],[121.57021,25.050881],[121.57031,25.051096],[121.570374,25.051288],[121.570404,25.051459],[121.570405,25.051669],[121.570385,25.051898]]},"properties":{"name":"麥帥二橋","highway":"trunk","elevated":true}},{"type":"Feature","geometry":{"type":"LineString","coordinates":[[121.570385,25.051898],[121.570041,25.053853],[121.57002,25.054079],[121.57003,25.054309],[121.570083,25.054498],[121.570151,25.05464],[121.570229,25.054764],[121.570371,25.054935],[121.572352,25.05684],[121.572752,25.057226],[121.572937,25.057425],[121.573066,25.057602],[121.573189,25.05785],[121.573271,25.058096],[121.573319,25.058354],[121.573318,25.058626],[121.57327,25.059034],[121.573064,25.060159]]},"properties":{"name":"麥帥二橋","highway":"trunk","elevated":true}},{"type":"Feature","geometry":{"type":"LineString","coordinates":[[121.573064,25.060159],[121.572941,25.06092],[121.572812,25.062071],[121.57283,25.062231]]},"properties":{"name":null,"highway":"trunk","elevated":false}},{"type":"Feature","geometry":{"type":"LineString","coordinates":[[121.571199,25.051717],[121.570892,25.051531],[121.570806,25.051469],[121.570716,25.051393],[121.570603,25.051284],[121.570536,25.051207],[121.570491,25.051143],[121.570198,25.050692],[121.569929,25.050233],[121.569725,25.04998]]},"properties":{"name":"正氣橋","highway":"trunk","elevated":true}},{"type":"Feature","geometry":{"type":"LineString","coordinates":[[121.566581,25.045361],[121.566726,25.045431],[121.566846,25.045505],[121.566952,25.04558],[121.567034,25.045653],[121.567114,25.045737]]},"properties":{"name":"市民大道","highway":"trunk","elevated":true}},{"type":"Feature","geometry":{"type":"LineString","coordinates":[[121.533294,25.0702],[121.533284,25.069955],[121.533257,25.069441],[121.533192,25.068983],[121.533178,25.068736],[121.53321,25.068474],[121.533253,25.068299],[121.53335,25.068095],[121.533479,25.067891],[121.533558,25.06778],[121.533665,25.067666],[121.534017,25.067392]]},"properties":{"name":"建國快速道路","highway":"trunk","elevated":true}},{"type":"Feature","geometry":{"type":"LineString","coordinates":[[121.537543,25.072649],[121.538391,25.072573],[121.539226,25.07252],[121.543976,25.072324],[121.544256,25.072319],[121.544596,25.072312],[121.545569,25.072293],[121.546104,25.072282],[121.54665,25.072271],[121.548428,25.072236],[121.549879,25.07223],[121.550979,25.072255],[121.552728,25.072313],[121.553689,25.072327],[121.554631,25.072319],[121.556554,25.072259],[121.556925,25.072271],[121.557435,25.072235],[121.557986,25.07216],[121.558463,25.072068],[121.558968,25.071942],[121.559461,25.071791],[121.56054,25.07144],[121.560866,25.071343],[121.561208,25.071251],[121.561804,25.071125],[121.562431,25.07102],[121.562877,25.070974],[121.563506,25.07093],[121.56404,25.070925],[121.567347,25.070965],[121.568202,25.07096],[121.569885,25.070888]]},"properties":{"name":"汐止五股高架道路","highway":"motorway","elevated":true}},{"type":"Feature","geometry":{"type":"LineString","coordinates":[[121.537569,25.073271],[121.536774,25.073177],[121.536259,25.073147],[121.535583,25.073154],[121.535001,25.073204],[121.534388,25.073297],[121.533604,25.073441],[121.533043,25.073536],[121.532427,25.073625],[121.531604,25.073711],[121.530663,25.073796],[121.530044,25.073872],[121.529487,25.073978],[121.528888,25.074142],[121.528249,25.074363],[121.527377,25.074689],[121.526029,25.075185],[121.524971,25.075574],[121.524133,25.075892],[121.523055,25.076267],[121.522349,25.076493],[121.521501,25.076753],[121.520361,25.077073],[121.519745,25.077231],[121.519114,25.07738],[121.518033,25.077613],[121.516939,25.077829],[121.516066,25.077975],[121.51531,25.078088],[121.51453,25.078183],[121.513481,25.078292],[121.512494,25.078373],[121.511504,25.078433],[121.510396,25.078474],[121.509524,25.078452]]},"properties":{"name":"汐止五股高架道路","highway":"motorway","elevated":true}},{"type":"Feature","geometry":{"type":"LineString","coordinates":[[121.536968,25.05825],[121.536979,25.058883],[121.537114,25.064],[121.537081,25.064301],[121.537006,25.064603],[121.53692,25.064856],[121.53677,25.065137],[121.536609,25.0654],[121.536427,25.065614],[121.536223,25.065818],[121.535978,25.066025],[121.533983,25.067531],[121.53383,25.067652]]},"properties":{"name":"建國快速道路","highway":"trunk","elevated":true}},{"type":"Feature","geometry":{"type":"LineString","coordinates":[[121.567955,25.071204],[121.56701,25.071196],[121.564044,25.071153],[121.563436,25.071169],[121.562832,25.071212],[121.562196,25.071286],[121.561574,25.071404],[121.560956,25.071558],[121.560341,25.071746],[121.558613,25.072366],[121.558029,25.072559],[121.557578,25.07269],[121.55701,25.072831],[121.556468,25.072933],[121.555852,25.073016],[121.555081,25.073073],[121.554327,25.073093],[121.550193,25.073172],[121.540823,25.073355],[121.540034,25.073358],[121.539307,25.073328],[121.538654,25.073279],[121.537837,25.073182],[121.536813,25.073048]]},"properties":{"name":"中山高速公路","highway":"motorway","elevated":true}},{"type":"Feature","geometry":{"type":"LineString","coordinates":[[121.567461,25.071091],[121.569043,25.071053],[121.569496,25.071037],[121.570183,25.070997],[121.57122,25.07091],[121.572386,25.070775],[121.573307,25.070646],[121.574134,25.070511],[121.574841,25.070372],[121.575466,25.07025],[121.576175,25.070086],[121.576773,25.069939],[121.577814,25.069666],[121.57827,25.069538],[121.578822,25.069368],[121.580267,25.068857]]},"properties":{"name":"中山高速公路","highway":"motorway","elevated":true}},{"type":"Feature","geometry":{"type":"LineString","coordinates":[[121.530341,25.073345],[121.5289,25.07389],[121.528671,25.074012]]},"properties":{"name":"中山高速公路","highway":"motorway","elevated":true}},{"type":"Feature","geometry":{"type":"LineString","coordinates":[[121.527938,25.074289],[121.527689,25.074385],[121.527356,25.074509],[121.526924,25.074673],[121.52622,25.074935],[121.525146,25.075358],[121.524313,25.075676],[121.523439,25.075982],[121.522673,25.076231],[121.521749,25.076508],[121.520088,25.076954]]},"properties":{"name":"圓山大橋","highway":"motorway","elevated":true}},{"type":"Feature","geometry":{"type":"LineString","coordinates":[[121.527861,25.07415],[121.528848,25.073772]]},"properties":{"name":"中山高速公路","highway":"motorway","elevated":true}},{"type":"Feature","geometry":{"type":"LineString","coordinates":[[121.520088,25.076954],[121.519202,25.077163],[121.51893,25.077227],[121.517729,25.077477],[121.516581,25.077686],[121.516277,25.077728],[121.515872,25.077786]]},"properties":{"name":"中山高速公路","highway":"motorway","elevated":true}},{"type":"Feature","geometry":{"type":"LineString","coordinates":[[121.528848,25.073772],[121.53016,25.073263]]},"properties":{"name":"中山高速公路","highway":"motorway","elevated":true}},{"type":"Feature","geometry":{"type":"LineString","coordinates":[[121.534176,25.072618],[121.534982,25.072711]]},"properties":{"name":"中山高速公路","highway":"motorway","elevated":false}},{"type":"Feature","geometry":{"type":"LineString","coordinates":[[121.534089,25.072711],[121.533507,25.07268],[121.533221,25.072691],[121.532807,25.072712],[121.532494,25.072743]]},"properties":{"name":"中山高速公路","highway":"motorway","elevated":true}},{"type":"Feature","geometry":{"type":"LineString","coordinates":[[121.536813,25.073048],[121.535423,25.07287],[121.535078,25.072829]]},"properties":{"name":"中山高速公路","highway":"motorway","elevated":true}},{"type":"Feature","geometry":{"type":"LineString","coordinates":[[121.535078,25.072829],[121.534742,25.072783],[121.534415,25.072744],[121.534089,25.072711]]},"properties":{"name":"中山高速公路","highway":"motorway","elevated":false}},{"type":"Feature","geometry":{"type":"LineString","coordinates":[[121.532758,25.072593],[121.533221,25.072572],[121.533731,25.072579],[121.534176,25.072618]]},"properties":{"name":"中山高速公路","highway":"motorway","elevated":true}},{"type":"Feature","geometry":{"type":"LineString","coordinates":[[121.532494,25.072743],[121.532265,25.072761],[121.531914,25.072827],[121.531428,25.072955],[121.530955,25.07311],[121.530341,25.073345]]},"properties":{"name":"中山高速公路","highway":"motorway","elevated":false}},{"type":"Feature","geometry":{"type":"LineString","coordinates":[[121.534982,25.072711],[121.535724,25.072802],[121.536485,25.072866]]},"properties":{"name":"中山高速公路","highway":"motorway","elevated":true}},{"type":"Feature","geometry":{"type":"LineString","coordinates":[[121.537632,25.073024],[121.537975,25.073075],[121.538736,25.073167],[121.539457,25.073231],[121.540151,25.073249],[121.541163,25.073238],[121.550197,25.073058],[121.554712,25.072971],[121.555359,25.072944],[121.556006,25.072885],[121.556677,25.072782],[121.55731,25.072646],[121.557868,25.072491],[121.558489,25.072288],[121.560378,25.071621],[121.560973,25.071438],[121.561617,25.071286],[121.562187,25.071179],[121.5629,25.071091],[121.563479,25.071053],[121.563994,25.071043],[121.565307,25.07106],[121.567461,25.071091]]},"properties":{"name":"中山高速公路","highway":"motorway","elevated":true}},{"type":"Feature","geometry":{"type":"LineString","coordinates":[[121.509348,25.078118],[121.510539,25.078098],[121.511237,25.07807]]},"properties":{"name":"中山高速公路","highway":"motorway","elevated":false}},{"type":"Feature","geometry":{"type":"LineString","coordinates":[[121.509639,25.077929],[121.510969,25.077851],[121.511749,25.077809],[121.512887,25.077738],[121.514105,25.077634],[121.515276,25.077505],[121.516441,25.077355],[121.517829,25.077133],[121.519063,25.076914],[121.520232,25.076654],[121.521014,25.07645],[121.521802,25.076221],[121.522681,25.075942],[121.523253,25.075735],[121.52376,25.075526],[121.524378,25.075272],[121.525023,25.074975],[121.525783,25.074616],[121.526413,25.074329],[121.526888,25.074136],[121.527262,25.074006]]},"properties":{"name":"汐止五股高架道路","highway":"motorway","elevated":true}},{"type":"Feature","geometry":{"type":"LineString","coordinates":[[121.501033,25.077262],[121.50188,25.077428],[121.503039,25.077632],[121.504037,25.077777],[121.504881,25.077883],[121.505753,25.077972],[121.506633,25.07804],[121.507449,25.078069],[121.508414,25.078088],[121.509348,25.078118]]},"properties":{"name":"淡水河橋","highway":"motorway","elevated":true}},{"type":"Feature","geometry":{"type":"LineString","coordinates":[[121.509348,25.078281],[121.507889,25.078263],[121.506955,25.078224],[121.505904,25.078147],[121.504865,25.078027],[121.503382,25.077845],[121.502138,25.077632],[121.500979,25.077418]]},"properties":{"name":"淡水河橋","highway":"motorway","elevated":true}},{"type":"Feature","geometry":{"type":"LineString","coordinates":[[121.515379,25.077855],[121.514934,25.077914],[121.514713,25.077949],[121.514594,25.077967]]},"properties":{"name":"中山高速公路","highway":"motorway","elevated":false}},{"type":"Feature","geometry":{"type":"LineString","coordinates":[[121.515872,25.077786],[121.515379,25.077855]]},"properties":{"name":"中山高速公路","highway":"motorway","elevated":true}},{"type":"Feature","geometry":{"type":"LineString","coordinates":[[121.515862,25.077634],[121.516511,25.077537],[121.517828,25.077299],[121.519011,25.077054],[121.519418,25.076944]]},"properties":{"name":"中山高速公路","highway":"motorway","elevated":true}},{"type":"Feature","geometry":{"type":"LineString","coordinates":[[121.515354,25.077704],[121.515862,25.077634]]},"properties":{"name":"中山高速公路","highway":"motorway","elevated":true}},{"type":"Feature","geometry":{"type":"LineString","coordinates":[[121.514594,25.077967],[121.512689,25.078128]]},"properties":{"name":"中山高速公路","highway":"motorway","elevated":true}},{"type":"Feature","geometry":{"type":"LineString","coordinates":[[121.513607,25.0779],[121.514259,25.077838]]},"properties":{"name":"中山高速公路","highway":"motorway","elevated":true}},{"type":"Feature","geometry":{"type":"LineString","coordinates":[[121.514259,25.077838],[121.515354,25.077704]]},"properties":{"name":"中山高速公路","highway":"motorway","elevated":false}},{"type":"Feature","geometry":{"type":"LineString","coordinates":[[121.520074,25.076804],[121.521722,25.076356],[121.522622,25.076083],[121.523362,25.075842],[121.524518,25.075438],[121.526045,25.074844],[121.527232,25.074393],[121.527861,25.07415]]},"properties":{"name":"圓山大橋","highway":"motorway","elevated":true}},{"type":"Feature","geometry":{"type":"LineString","coordinates":[[121.537529,25.024036],[121.537527,25.02356],[121.537505,25.023322],[121.537469,25.02318],[121.537416,25.02305],[121.537354,25.022952],[121.537286,25.022864],[121.537195,25.022769],[121.537084,25.022693],[121.536992,25.022638],[121.536875,25.022584],[121.536764,25.022549],[121.536658,25.022523],[121.536558,25.02251],[121.536209,25.022496],[121.535033,25.022472],[121.533739,25.022453],[121.533155,25.022428],[121.532911,25.022388],[121.532563,25.02229],[121.532311,25.022209],[121.531948,25.022053],[121.531787,25.021942],[121.531406,25.021646],[121.530668,25.021027]]},"properties":{"name":"建國快速道路","highway":"trunk","elevated":true}},{"type":"Feature","geometry":{"type":"LineString","coordinates":[[121.53777,25.024012],[121.537707,25.024869]]},"properties":{"name":"建國快速道路","highway":"trunk","elevated":true}},{"type":"Feature","geometry":{"type":"LineString","coordinates":[[121.537603,25.024869],[121.537529,25.024036]]},"properties":{"name":"建國快速道路","highway":"trunk","elevated":true}},{"type":"Feature","geometry":{"type":"LineString","coordinates":[[121.537603,25.024869],[121.537602,25.023589],[121.537609,25.023342]]},"properties":{"name":"建國快速道路","highway":"trunk","elevated":false}},{"type":"Feature","geometry":{"type":"LineString","coordinates":[[121.571909,25.031393],[121.571875,25.031799],[121.571864,25.031888]]},"properties":{"name":"信義快速道路","highway":"trunk","elevated":false}},{"type":"Feature","geometry":{"type":"LineString","coordinates":[[121.571573,25.031263],[121.571616,25.03078],[121.571701,25.030131],[121.571725,25.030035],[121.571758,25.029909],[121.571949,25.02952],[121.574121,25.026579],[121.576148,25.023597]]},"properties":{"name":"象山隧道","highway":"trunk","elevated":false}},{"type":"Feature","geometry":{"type":"LineString","coordinates":[[121.576148,25.023597],[121.576518,25.023065]]},"properties":{"name":"信義快速道路","highway":"trunk","elevated":false}},{"type":"Feature","geometry":{"type":"LineString","coordinates":[[121.57635,25.023793],[121.575515,25.025223],[121.574806,25.026269]]},"properties":{"name":"象山隧道","highway":"trunk","elevated":false}},{"type":"Feature","geometry":{"type":"LineString","coordinates":[[121.526081,25.019895],[121.526207,25.01977]]},"properties":{"name":"建國快速道路","highway":"trunk","elevated":false}},{"type":"Feature","geometry":{"type":"LineString","coordinates":[[121.530668,25.021027],[121.530522,25.020878]]},"properties":{"name":"建國快速道路","highway":"trunk","elevated":false}},{"type":"Feature","geometry":{"type":"LineString","coordinates":[[121.581041,25.006083],[121.580963,25.005753]]},"properties":{"name":"信義快速道路","highway":"trunk","elevated":true}},{"type":"Feature","geometry":{"type":"LineString","coordinates":[[121.584972,25.004113],[121.584299,25.004177]]},"properties":{"name":"台北聯絡線","highway":"motorway","elevated":true}},{"type":"Feature","geometry":{"type":"LineString","coordinates":[[121.585632,25.004003],[121.585297,25.004066],[121.584972,25.004113]]},"properties":{"name":"台北聯絡線","highway":"motorway","elevated":true}},{"type":"Feature","geometry":{"type":"LineString","coordinates":[[121.585619,25.00391],[121.586029,25.003834],[121.58637,25.00377]]},"properties":{"name":"台北聯絡線","highway":"motorway","elevated":false}},{"type":"Feature","geometry":{"type":"LineString","coordinates":[[121.584455,25.004088],[121.584934,25.004016],[121.58532,25.003962],[121.585619,25.00391]]},"properties":{"name":"台北聯絡線","highway":"motorway","elevated":true}},{"type":"Feature","geometry":{"type":"LineString","coordinates":[[121.581508,25.004252],[121.583771,25.004171],[121.584289,25.00411],[121.584455,25.004088]]},"properties":{"name":"台北聯絡線","highway":"motorway","elevated":false}},{"type":"Feature","geometry":{"type":"LineString","coordinates":[[121.580224,25.00439],[121.580513,25.004342],[121.580794,25.004303],[121.581101,25.004272],[121.581508,25.004252]]},"properties":{"name":"台北聯絡線","highway":"motorway","elevated":true}},{"type":"Feature","geometry":{"type":"LineString","coordinates":[[121.581178,25.005886],[121.581277,25.006242],[121.58135,25.006584]]},"properties":{"name":"信義快速道路","highway":"trunk","elevated":false}},{"type":"Feature","geometry":{"type":"LineString","coordinates":[[121.581087,25.005539],[121.581178,25.005886]]},"properties":{"name":"信義快速道路","highway":"trunk","elevated":true}},{"type":"Feature","geometry":{"type":"LineString","coordinates":[[121.580963,25.005753],[121.580901,25.005521],[121.580826,25.005265],[121.580731,25.004982],[121.580588,25.004632]]},"properties":{"name":"信義快速道路","highway":"trunk","elevated":false}},{"type":"Feature","geometry":{"type":"LineString","coordinates":[[121.578192,25.005308],[121.577383,25.005893],[121.577039,25.006138],[121.576725,25.006338],[121.57646,25.006496],[121.576135,25.006666],[121.57581,25.006822],[121.575482,25.006965],[121.575128,25.0071],[121.574806,25.007207],[121.574474,25.007302],[121.574271,25.007357]]},"properties":{"name":"台北聯絡線","highway":"motorway","elevated":true}},{"type":"Feature","geometry":{"type":"LineString","coordinates":[[121.581551,25.004333],[121.581173,25.004355],[121.580787,25.004389],[121.580482,25.004431],[121.58026,25.004467]]},"properties":{"name":"台北聯絡線","highway":"motorway","elevated":true}},{"type":"Feature","geometry":{"type":"LineString","coordinates":[[121.57801,25.021194],[121.57775,25.0216]]},"properties":{"name":"信義快速道路","highway":"trunk","elevated":false}},{"type":"Feature","geometry":{"type":"LineString","coordinates":[[121.577365,25.021489],[121.578275,25.020154],[121.579052,25.018992],[121.57977,25.017634],[121.580081,25.016938],[121.580578,25.015587],[121.580822,25.014709],[121.581071,25.013582],[121.581244,25.012375],[121.581312,25.01073],[121.581285,25.009729]]},"properties":{"name":"文山隧道","highway":"trunk","elevated":false}},{"type":"Feature","geometry":{"type":"LineString","coordinates":[[121.58163,25.009186],[121.581657,25.010753],[121.581632,25.011624],[121.581558,25.012412],[121.581391,25.013652],[121.581034,25.015162],[121.580605,25.016484],[121.579931,25.018052],[121.579392,25.01908],[121.578695,25.020231],[121.57801,25.021194]]},"properties":{"name":"文山隧道","highway":"trunk","elevated":false}},{"type":"Feature","geometry":{"type":"LineString","coordinates":[[121.581285,25.009729],[121.581283,25.009362]]},"properties":{"name":"信義快速道路","highway":"trunk","elevated":false}},{"type":"Feature","geometry":{"type":"LineString","coordinates":[[121.573735,25.00717],[121.574067,25.007087],[121.574353,25.007016]]},"properties":{"name":"台北聯絡線","highway":"motorway","elevated":false}},{"type":"Feature","geometry":{"type":"LineString","coordinates":[[121.566073,25.009104],[121.566284,25.009041],[121.566512,25.008976],[121.573735,25.00717]]},"properties":{"name":"台北1號隧道","highway":"motorway","elevated":false}},{"type":"Feature","geometry":{"type":"LineString","coordinates":[[121.57359,25.007525],[121.566423,25.009296],[121.566211,25.009351],[121.566002,25.00941]]},"properties":{"name":"台北1號隧道","highway":"motorway","elevated":false}},{"type":"Feature","geometry":{"type":"LineString","coordinates":[[121.562049,25.012138],[121.562322,25.011804],[121.562709,25.01133],[121.56304,25.010944],[121.563207,25.010773],[121.563437,25.010559],[121.563813,25.010245]]},"properties":{"name":"台北聯絡線","highway":"motorway","elevated":false}},{"type":"Feature","geometry":{"type":"LineString","coordinates":[[121.566002,25.00941],[121.565943,25.009428],[121.565587,25.009539]]},"properties":{"name":"台北聯絡線","highway":"motorway","elevated":false}},{"type":"Feature","geometry":{"type":"LineString","coordinates":[[121.560662,25.013538],[121.560477,25.013651],[121.560169,25.013809],[121.559878,25.013928],[121.559579,25.014026],[121.559307,25.014099],[121.558946,25.01418],[121.558582,25.014237],[121.558239,25.014256],[121.557896,25.014266],[121.557585,25.01426],[121.5568,25.01421]]},"properties":{"name":"台北聯絡線","highway":"motorway","elevated":false}},{"type":"Feature","geometry":{"type":"LineString","coordinates":[[121.560553,25.013427],[121.560923,25.013203],[121.561147,25.013045],[121.56138,25.012864],[121.561569,25.012689],[121.561745,25.012506],[121.561904,25.012318],[121.562049,25.012138]]},"properties":{"name":"台北聯絡線","highway":"motorway","elevated":true}},{"type":"Feature","geometry":{"type":"LineString","coordinates":[[121.562128,25.012205],[121.561981,25.012387],[121.56182,25.012574],[121.561644,25.01275],[121.561453,25.012937],[121.561215,25.013148],[121.561006,25.013312],[121.560662,25.013538]]},"properties":{"name":"台北聯絡線","highway":"motorway","elevated":true}},{"type":"Feature","geometry":{"type":"LineString","coordinates":[[121.55511,25.013882],[121.556788,25.013911]]},"properties":{"name":"台北2號隧道","highway":"motorway","elevated":false}},{"type":"Feature","geometry":{"type":"LineString","coordinates":[[121.556788,25.013911],[121.557627,25.013967],[121.557923,25.013977],[121.558244,25.013975],[121.558556,25.013959],[121.558901,25.013931],[121.559257,25.013878],[121.559518,25.01382],[121.559815,25.013732],[121.560093,25.013637],[121.560388,25.013508],[121.560553,25.013427]]},"properties":{"name":"台北聯絡線","highway":"motorway","elevated":false}},{"type":"Feature","geometry":{"type":"LineString","coordinates":[[121.553444,25.014329],[121.553314,25.014373],[121.552797,25.014577],[121.552329,25.014809],[121.551824,25.015111],[121.551651,25.015225]]},"properties":{"name":"台北聯絡線","highway":"motorway","elevated":true}},{"type":"Feature","geometry":{"type":"LineString","coordinates":[[121.55125,25.015502],[121.550471,25.016013],[121.549588,25.016626],[121.549235,25.016898],[121.549156,25.016959],[121.549068,25.01703]]},"properties":{"name":"台北聯絡線","highway":"motorway","elevated":false}},{"type":"Feature","geometry":{"type":"LineString","coordinates":[[121.5568,25.01421],[121.554934,25.014118]]},"properties":{"name":"台北2號隧道","highway":"motorway","elevated":false}},{"type":"Feature","geometry":{"type":"LineString","coordinates":[[121.554934,25.014118],[121.554495,25.014132],[121.55423,25.014173],[121.553853,25.014244],[121.553444,25.014329]]},"properties":{"name":"台北聯絡線","highway":"motorway","elevated":false}},{"type":"Feature","geometry":{"type":"LineString","coordinates":[[121.548971,25.016913],[121.549058,25.016851],[121.549303,25.016686],[121.549797,25.016365],[121.550443,25.015932],[121.551188,25.015443]]},"properties":{"name":"台北聯絡線","highway":"motorway","elevated":false}},{"type":"Feature","geometry":{"type":"LineString","coordinates":[[121.553597,25.014151],[121.55387,25.014074],[121.554477,25.013943],[121.554803,25.013897],[121.55511,25.013882]]},"properties":{"name":"台北聯絡線","highway":"motorway","elevated":false}},{"type":"Feature","geometry":{"type":"LineString","coordinates":[[121.550089,25.022195],[121.550308,25.022328]]},"properties":{"name":"基隆路高架道路","highway":"trunk","elevated":false}},{"type":"Feature","geometry":{"type":"LineString","coordinates":[[121.550224,25.02239],[121.550089,25.022195]]},"properties":{"name":"基隆路高架道路","highway":"trunk","elevated":false}},{"type":"Feature","geometry":{"type":"LineString","coordinates":[[121.527925,25.071118],[121.527893,25.071215],[121.527835,25.07133],[121.52755,25.071717],[121.526952,25.072448]]},"properties":{"name":"新生高架道路","highway":"trunk","elevated":true}},{"type":"Feature","geometry":{"type":"LineString","coordinates":[[121.524303,25.079848],[121.524512,25.079246]]},"properties":{"name":"新生高架道路","highway":"trunk","elevated":false}},{"type":"Feature","geometry":{"type":"LineString","coordinates":[[121.527571,25.053905],[121.527673,25.059237],[121.527808,25.064881],[121.527817,25.065052],[121.52796,25.070856],[121.527947,25.070987],[121.527925,25.071118]]},"properties":{"name":"新生高架道路","highway":"trunk","elevated":true}},{"type":"Feature","geometry":{"type":"LineString","coordinates":[[121.527873,25.070926],[121.527884,25.07078],[121.527852,25.069429],[121.527754,25.065476],[121.527738,25.064018],[121.527575,25.059242],[121.527549,25.05745],[121.527516,25.055349],[121.527508,25.054432],[121.527489,25.053577],[121.527508,25.053207],[121.52755,25.052788],[121.52762,25.052325],[121.527661,25.052114],[121.527716,25.051871],[121.527895,25.051234],[121.527908,25.051196],[121.528331,25.050146],[121.528561,25.0497],[121.528815,25.049276],[121.529101,25.048852],[121.529291,25.048595],[121.529418,25.048438],[121.529725,25.048087]]},"properties":{"name":"新生高架道路","highway":"trunk","elevated":true}},{"type":"Feature","geometry":{"type":"LineString","coordinates":[[121.511237,25.078203],[121.510764,25.078224],[121.510088,25.078252],[121.509348,25.078281]]},"properties":{"name":"中山高速公路","highway":"motorway","elevated":false}},{"type":"Feature","geometry":{"type":"LineString","coordinates":[[121.52462,25.078884],[121.524918,25.077851],[121.524971,25.077625],[121.524986,25.077527],[121.524999,25.077399],[121.525023,25.077173],[121.525039,25.077036],[121.525066,25.076874],[121.525102,25.076715],[121.525149,25.076538],[121.525479,25.075633],[121.525492,25.075585],[121.525502,25.075539],[121.525512,25.07548],[121.525519,25.075425],[121.525522,25.075381],[121.525522,25.075341],[121.525509,25.075175]]},"properties":{"name":"新生高架道路","highway":"trunk","elevated":true}},{"type":"Feature","geometry":{"type":"LineString","coordinates":[[121.512689,25.078128],[121.512273,25.078158],[121.511633,25.078186],[121.511237,25.078203]]},"properties":{"name":"中山高速公路","highway":"motorway","elevated":true}},{"type":"Feature","geometry":{"type":"LineString","coordinates":[[121.51271,25.077979],[121.513607,25.0779]]},"properties":{"name":"中山高速公路","highway":"motorway","elevated":false}},{"type":"Feature","geometry":{"type":"LineString","coordinates":[[121.511237,25.07807],[121.511515,25.078059],[121.512265,25.078007],[121.51271,25.077979]]},"properties":{"name":"中山高速公路","highway":"motorway","elevated":true}},{"type":"Feature","geometry":{"type":"LineString","coordinates":[[121.529358,25.04133],[121.529896,25.043009],[121.529969,25.043261],[121.530634,25.045645],[121.530692,25.045848],[121.530812,25.046204],[121.530884,25.046425]]},"properties":{"name":"新生高架道路","highway":"trunk","elevated":true}},{"type":"Feature","geometry":{"type":"LineString","coordinates":[[121.529301,25.041345],[121.529222,25.041066],[121.529174,25.041031]]},"properties":{"name":"新生高架道路","highway":"trunk","elevated":false}},{"type":"Feature","geometry":{"type":"LineString","coordinates":[[121.526659,25.047303],[121.526106,25.04747],[121.525943,25.047512],[121.525748,25.047563],[121.525574,25.047606],[121.525417,25.047642],[121.525187,25.047691],[121.524962,25.047736],[121.524663,25.047788],[121.524333,25.047834],[121.524067,25.047863],[121.523765,25.047884],[121.521732,25.048001],[121.521475,25.048024],[121.521227,25.048046],[121.521033,25.048073],[121.520816,25.04811],[121.520434,25.048186],[121.520124,25.048244],[121.519741,25.048309],[121.518452,25.048516]]},"properties":{"name":"市民大道高架道路","highway":"trunk","elevated":true}},{"type":"Feature","geometry":{"type":"LineString","coordinates":[[121.576685,25.054669],[121.574742,25.053629]]},"properties":{"name":"環東大道","highway":"trunk","elevated":true}},{"type":"Feature","geometry":{"type":"LineString","coordinates":[[121.576752,25.054539],[121.580118,25.056355],[121.584243,25.058559]]},"properties":{"name":"環東大道","highway":"trunk","elevated":true}},{"type":"Feature","geometry":{"type":"LineString","coordinates":[[121.60715,25.027552],[121.608821,25.028568]]},"properties":{"name":"福爾摩沙高速公路","highway":"motorway","elevated":true}},{"type":"Feature","geometry":{"type":"LineString","coordinates":[[121.60706,25.027684],[121.606121,25.027125]]},"properties":{"name":"福爾摩沙高速公路","highway":"motorway","elevated":true}},{"type":"Feature","geometry":{"type":"LineString","coordinates":[[121.594709,25.001912],[121.595114,25.001874],[121.595793,25.001825],[121.596644,25.001787],[121.597179,25.001772]]},"properties":{"name":"台北聯絡線","highway":"motorway","elevated":true}},{"type":"Feature","geometry":{"type":"LineString","coordinates":[[121.597179,25.001772],[121.597375,25.001773]]},"properties":{"name":"台北聯絡線","highway":"motorway","elevated":false}},{"type":"Feature","geometry":{"type":"LineString","coordinates":[[121.594516,25.002023],[121.594101,25.002076],[121.593918,25.002097]]},"properties":{"name":"台北聯絡線","highway":"motorway","elevated":false}},{"type":"Feature","geometry":{"type":"LineString","coordinates":[[121.597134,25.001881],[121.596189,25.001901],[121.595608,25.001929],[121.594956,25.001981],[121.594516,25.002023]]},"properties":{"name":"台北聯絡線","highway":"motorway","elevated":true}},{"type":"Feature","geometry":{"type":"LineString","coordinates":[[121.596392,25.00919],[121.596227,25.008489],[121.596016,25.007444],[121.595789,25.006311]]},"properties":{"name":"福爾摩沙高速公路","highway":"motorway","elevated":false}},{"type":"Feature","geometry":{"type":"LineString","coordinates":[[121.561891,24.977191],[121.562458,24.97726],[121.562851,24.97728],[121.563395,24.977292],[121.564001,24.977275],[121.56457,24.97722],[121.56538,24.97711],[121.566491,24.976885],[121.568842,24.976353],[121.570026,24.976185],[121.571313,24.976047],[121.572025,24.975994],[121.572812,24.975954],[121.573903,24.975992],[121.575032,24.97608],[121.575983,24.976195]]},"properties":{"name":"福爾摩沙高速公路","highway":"motorway","elevated":false}},{"type":"Feature","geometry":{"type":"LineString","coordinates":[[121.508128,25.056666],[121.507932,25.055967]]},"properties":{"name":"環河快速道路","highway":"trunk","elevated":false}},{"type":"Feature","geometry":{"type":"LineString","coordinates":[[121.507932,25.055967],[121.507838,25.055652],[121.507591,25.054787],[121.50744,25.054266],[121.507349,25.053859],[121.507269,25.053453]]},"properties":{"name":"環河快速道路","highway":"trunk","elevated":true}},{"type":"Feature","geometry":{"type":"LineString","coordinates":[[121.507755,25.05509],[121.507789,25.055195],[121.507897,25.055399]]},"properties":{"name":"環河快速道路","highway":"trunk","elevated":false}},{"type":"Feature","geometry":{"type":"LineString","coordinates":[[121.510368,25.050122],[121.510799,25.050064],[121.511464,25.049947],[121.511958,25.04984],[121.51228,25.049743],[121.513041,25.049481],[121.514522,25.049082],[121.515327,25.048888],[121.517708,25.048479]]},"properties":{"name":"市民大道高架道路","highway":"trunk","elevated":true}},{"type":"Feature","geometry":{"type":"LineString","coordinates":[[121.504242,25.04723],[121.504308,25.047316],[121.504558,25.047539],[121.504822,25.047805],[121.505035,25.048035],[121.505282,25.04833],[121.505357,25.048399],[121.50562,25.048765],[121.505646,25.048854],[121.505872,25.04921],[121.506166,25.049687],[121.506404,25.050133],[121.506669,25.050799],[121.506842,25.051251],[121.507056,25.051956],[121.507216,25.052678],[121.507347,25.053427]]},"properties":{"name":"環河快速道路","highway":"trunk","elevated":true}},{"type":"Feature","geometry":{"type":"LineString","coordinates":[[121.503963,25.047111],[121.50388,25.047075],[121.503707,25.046903],[121.503228,25.046491],[121.502337,25.045776],[121.502174,25.045675],[121.501732,25.045328]]},"properties":{"name":"環河快速道路","highway":"trunk","elevated":true}},{"type":"Feature","geometry":{"type":"LineString","coordinates":[[121.504336,25.048564],[121.504383,25.048406],[121.504414,25.048358],[121.504443,25.04832],[121.504525,25.048231],[121.504648,25.048154],[121.504782,25.048099],[121.504882,25.048072],[121.505011,25.048065],[121.505127,25.048087],[121.505227,25.048106],[121.505311,25.048149],[121.505434,25.048266],[121.50554,25.048413],[121.505955,25.048982],[121.506218,25.049466],[121.506299,25.049637],[121.506461,25.049977]]},"properties":{"name":null,"highway":"trunk","elevated":true}},{"type":"Feature","geometry":{"type":"LineString","coordinates":[[121.503748,25.050208],[121.503808,25.050133],[121.504586,25.049696],[121.504632,25.049644],[121.504662,25.049592],[121.504684,25.049543],[121.504698,25.049489],[121.504695,25.049443],[121.504685,25.049408],[121.504651,25.049335],[121.504478,25.048995]]},"properties":{"name":null,"highway":"trunk","elevated":true}},{"type":"Feature","geometry":{"type":"LineString","coordinates":[[121.507269,25.053453],[121.507194,25.053009],[121.507119,25.052664],[121.507033,25.052328],[121.506991,25.052177],[121.506941,25.052002],[121.506886,25.051752],[121.506839,25.051606],[121.506787,25.051453],[121.506684,25.051149],[121.506584,25.050805],[121.506468,25.05049],[121.506386,25.050296],[121.506304,25.050109],[121.506145,25.049787],[121.506043,25.04961],[121.505914,25.049395],[121.505674,25.049021],[121.505455,25.048688],[121.505194,25.048326],[121.504899,25.04798],[121.504573,25.047655],[121.503963,25.047111]]},"properties":{"name":"環河快速道路","highway":"trunk","elevated":true}},{"type":"Feature","geometry":{"type":"LineString","coordinates":[[121.507347,25.053427],[121.50752,25.054306],[121.507615,25.054631]]},"properties":{"name":"環河快速道路","highway":"trunk","elevated":true}},{"type":"Feature","geometry":{"type":"LineString","coordinates":[[121.501429,25.044981],[121.502274,25.045632],[121.502594,25.045882],[121.503537,25.046637],[121.504242,25.04723]]},"properties":{"name":"環河快速道路","highway":"trunk","elevated":true}},{"type":"Feature","geometry":{"type":"LineString","coordinates":[[121.512464,25.024068],[121.512803,25.024045]]},"properties":{"name":"水源快速道路泉州街引道","highway":"trunk","elevated":true}},{"type":"Feature","geometry":{"type":"LineString","coordinates":[[121.488909,25.033261],[121.488676,25.032717]]},"properties":{"name":"環河快速道路","highway":"trunk","elevated":true}},{"type":"Feature","geometry":{"type":"LineString","coordinates":[[121.493081,25.037342],[121.493728,25.037628],[121.494447,25.037983],[121.494804,25.038164],[121.49535,25.038516],[121.496012,25.038987],[121.499704,25.041801],[121.499963,25.042045],[121.500075,25.042196],[121.500177,25.042378],[121.500248,25.042566],[121.500687,25.044106],[121.500906,25.044487],[121.501161,25.044762],[121.501429,25.044981]]},"properties":{"name":"環河快速道路","highway":"trunk","elevated":true}},{"type":"Feature","geometry":{"type":"LineString","coordinates":[[121.489717,25.034355],[121.490009,25.034801],[121.490409,25.035328],[121.49078,25.035739],[121.491092,25.036042],[121.491505,25.036383],[121.491791,25.036601],[121.49209,25.036764],[121.492488,25.037026],[121.493081,25.037342]]},"properties":{"name":"環河快速道路","highway":"trunk","elevated":false}},{"type":"Feature","geometry":{"type":"LineString","coordinates":[[121.565256,25.009647],[121.565174,25.009676],[121.56491,25.009786],[121.564655,25.009907],[121.564408,25.010039],[121.564159,25.010187],[121.563919,25.010348],[121.56372,25.010497],[121.563519,25.010662],[121.563316,25.010849],[121.563137,25.01103],[121.562962,25.011219],[121.562809,25.011399],[121.562409,25.011872],[121.562128,25.012205]]},"properties":{"name":"台北聯絡線","highway":"motorway","elevated":false}},{"type":"Feature","geometry":{"type":"LineString","coordinates":[[121.565677,25.009232],[121.565857,25.009172],[121.566073,25.009104]]},"properties":{"name":"台北聯絡線","highway":"motorway","elevated":false}},{"type":"Feature","geometry":{"type":"LineString","coordinates":[[121.505033,25.078213],[121.50325,25.077976],[121.501862,25.077768],[121.500357,25.077505],[121.499241,25.077301],[121.497964,25.077058],[121.496658,25.076764],[121.495177,25.076385],[121.493611,25.075957],[121.492334,25.075607],[121.488429,25.074626],[121.486319,25.074117],[121.485365,25.073901],[121.484331,25.073726],[121.483342,25.073602],[121.48241,25.073535],[121.481327,25.073513],[121.480356,25.073545],[121.47933,25.073632],[121.478181,25.073795],[121.476932,25.074055],[121.474421,25.074758],[121.471893,25.075409],[121.47039,25.075738],[121.469629,25.07585],[121.468877,25.075969],[121.468056,25.076065],[121.467226,25.076109],[121.466687,25.076139],[121.466153,25.076149],[121.465066,25.076139],[121.464086,25.076087],[121.463561,25.076041],[121.463051,25.075983],[121.462335,25.075893],[121.46197,25.075832],[121.461615,25.075762],[121.459717,25.075333],[121.457531,25.074654]]},"properties":{"name":"汐止五股高架道路","highway":"motorway","elevated":true}},{"type":"Feature","geometry":{"type":"LineString","coordinates":[[121.503389,25.077558],[121.503954,25.077649],[121.505091,25.077781],[121.506011,25.077845],[121.507256,25.077904],[121.508427,25.077919],[121.509639,25.077929]]},"properties":{"name":"汐止五股高架道路","highway":"motorway","elevated":true}},{"type":"Feature","geometry":{"type":"LineString","coordinates":[[121.561853,24.977388],[121.56131,24.977292],[121.560469,24.977089],[121.559715,24.976855],[121.558987,24.976597],[121.55829,24.976303],[121.557614,24.975994],[121.556938,24.975649]]},"properties":{"name":"福爾摩沙高速公路","highway":"motorway","elevated":true}},{"type":"Feature","geometry":{"type":"LineString","coordinates":[[121.55372,24.973052],[121.554214,24.973495],[121.555089,24.974179],[121.555895,24.974769]]},"properties":{"name":"福爾摩沙高速公路","highway":"motorway","elevated":true}},{"type":"Feature","geometry":{"type":"LineString","coordinates":[[121.584243,25.058559],[121.585697,25.059337],[121.586065,25.059543]]},"properties":{"name":"環東大道","highway":"trunk","elevated":true}},{"type":"Feature","geometry":{"type":"LineString","coordinates":[[121.488439,25.030476],[121.488443,25.030755],[121.488464,25.031089],[121.488499,25.031402],[121.488554,25.031748],[121.48863,25.032076],[121.488734,25.032438],[121.488863,25.032791],[121.489073,25.033249],[121.48923,25.033532]]},"properties":{"name":"環河快速道路","highway":"trunk","elevated":true}},{"type":"Feature","geometry":{"type":"LineString","coordinates":[[121.488483,25.032069],[121.488418,25.031764],[121.488366,25.031446],[121.488303,25.030756],[121.4883,25.030324],[121.488316,25.030105],[121.488368,25.029684],[121.488428,25.029323],[121.488473,25.02912],[121.488721,25.028348]]},"properties":{"name":"環河快速道路","highway":"trunk","elevated":true}},{"type":"Feature","geometry":{"type":"LineString","coordinates":[[121.582838,24.978883],[121.581547,24.978255]]},"properties":{"name":"福爾摩沙高速公路","highway":"motorway","elevated":true}},{"type":"Feature","geometry":{"type":"LineString","coordinates":[[121.592641,24.992198],[121.592353,24.990895],[121.591752,24.988754],[121.590554,24.986283],[121.588735,24.983619],[121.587898,24.982669],[121.587102,24.981847],[121.586063,24.980935],[121.584953,24.980094],[121.584523,24.979794],[121.582925,24.978928]]},"properties":{"name":"木柵隧道","highway":"motorway","elevated":false}},{"type":"Feature","geometry":{"type":"LineString","coordinates":[[121.582949,24.978437],[121.584001,24.978966],[121.584966,24.979594],[121.587253,24.981455],[121.588655,24.982834],[121.589878,24.984393],[121.590669,24.985669],[121.591686,24.987604],[121.592576,24.990022],[121.592981,24.99195]]},"properties":{"name":"木柵隧道","highway":"motorway","elevated":false}},{"type":"Feature","geometry":{"type":"LineString","coordinates":[[121.575869,24.976619],[121.575161,24.976524],[121.574979,24.976499],[121.574022,24.97643],[121.573252,24.97641],[121.57172,24.976445],[121.570265,24.976581],[121.568989,24.976772],[121.566513,24.977249],[121.565669,24.977394],[121.564705,24.977514],[121.563809,24.977543],[121.562932,24.977505],[121.562402,24.977464],[121.561853,24.977388]]},"properties":{"name":"福爾摩沙高速公路","highway":"motorway","elevated":false}},{"type":"Feature","geometry":{"type":"LineString","coordinates":[[121.592981,24.99195],[121.59324,24.993079],[121.593363,24.993588],[121.593582,24.994498]]},"properties":{"name":"福爾摩沙高速公路","highway":"motorway","elevated":false}},{"type":"Feature","geometry":{"type":"LineString","coordinates":[[121.575983,24.976195],[121.577305,24.976387],[121.578244,24.976588],[121.579323,24.976869],[121.58057,24.97732],[121.581217,24.977618]]},"properties":{"name":"景美隧道","highway":"motorway","elevated":false}},{"type":"Feature","geometry":{"type":"LineString","coordinates":[[121.59387,25.059238],[121.594195,25.059155],[121.5944,25.059129],[121.594987,25.059131],[121.595349,25.059118],[121.595524,25.059099],[121.595771,25.059056],[121.596054,25.058997],[121.596346,25.058903],[121.596807,25.058736],[121.5972,25.058607],[121.597355,25.058561],[121.597684,25.058483],[121.598039,25.058418],[121.598269,25.058382],[121.598618,25.058355],[121.598971,25.058348],[121.599374,25.058357],[121.59971,25.058376],[121.60021,25.058396],[121.600556,25.058411],[121.601059,25.05844],[121.601585,25.058462],[121.60198,25.058486],[121.602475,25.058529],[121.602906,25.058576],[121.603227,25.058618],[121.603734,25.058676],[121.604134,25.05872],[121.604469,25.05877],[121.604797,25.058804],[121.605247,25.058867],[121.605606,25.058926],[121.606011,25.058991],[121.606438,25.059069],[121.60673,25.059123],[121.606914,25.059169],[121.607188,25.059246],[121.60758,25.059357],[121.607941,25.059471],[121.608122,25.059541],[121.608534,25.059658],[121.608855,25.059751],[121.609211,25.059866],[121.609471,25.059978],[121.609858,25.06019],[121.610064,25.060338],[121.610335,25.060523],[121.610567,25.060663],[121.610978,25.060944],[121.611325,25.061276],[121.61165,25.061629],[121.611775,25.061769],[121.61199,25.062018],[121.612287,25.062351]]},"properties":{"name":"環東大道","highway":"trunk","elevated":true}},{"type":"Feature","geometry":{"type":"LineString","coordinates":[[121.612287,25.062351],[121.612389,25.062443]]},"properties":{"name":"環東大道","highway":"trunk","elevated":false}},{"type":"Feature","geometry":{"type":"LineString","coordinates":[[121.615164,25.063346],[121.615624,25.063173],[121.616154,25.062962],[121.616615,25.062806],[121.617096,25.062645],[121.61752,25.062474],[121.618156,25.062132],[121.618521,25.061908],[121.618867,25.061665],[121.619213,25.061376],[121.619511,25.061114],[121.619826,25.060826],[121.620087,25.060575],[121.62058,25.060054],[121.621076,25.059474]]},"properties":{"name":"環東大道","highway":"trunk","elevated":true}},{"type":"Feature","geometry":{"type":"LineString","coordinates":[[121.492565,25.029848],[121.491308,25.028711],[121.490896,25.028399],[121.490845,25.02837],[121.490524,25.028185],[121.490097,25.02799],[121.489432,25.027759],[121.488975,25.027684],[121.48791,25.027537],[121.48648,25.027301],[121.485551,25.027155],[121.48428,25.026948],[121.483677,25.026811],[121.483346,25.026719],[121.483012,25.026618],[121.482682,25.026495],[121.482371,25.026378],[121.481798,25.026105],[121.481528,25.025948],[121.481048,25.025661],[121.480773,25.025483]]},"properties":{"name":"華翠大橋","highway":"trunk","elevated":true}},{"type":"Feature","geometry":{"type":"LineString","coordinates":[[121.492645,25.029713],[121.492839,25.029879],[121.493122,25.030124],[121.493384,25.030364],[121.493447,25.030419]]},"properties":{"name":"艋舺大道","highway":"trunk","elevated":false}},{"type":"Feature","geometry":{"type":"LineString","coordinates":[[121.622723,25.035277],[121.625018,25.034589]]},"properties":{"name":"蔣渭水高速公路","highway":"motorway","elevated":true}},{"type":"Feature","geometry":{"type":"LineString","coordinates":[[121.608828,25.028714],[121.60706,25.027684]]},"properties":{"name":"福爾摩沙高速公路","highway":"motorway","elevated":true}},{"type":"Feature","geometry":{"type":"LineString","coordinates":[[121.613312,25.031354],[121.612825,25.031078],[121.611238,25.030108],[121.608828,25.028714]]},"properties":{"name":"福爾摩沙高速公路","highway":"motorway","elevated":false}},{"type":"Feature","geometry":{"type":"LineString","coordinates":[[121.608821,25.028568],[121.612868,25.030954],[121.613391,25.031256]]},"properties":{"name":"福爾摩沙高速公路","highway":"motorway","elevated":false}},{"type":"Feature","geometry":{"type":"LineString","coordinates":[[121.613391,25.031256],[121.614047,25.031636],[121.614268,25.031764],[121.614969,25.032152]]},"properties":{"name":"福爾摩沙高速公路","highway":"motorway","elevated":true}},{"type":"Feature","geometry":{"type":"LineString","coordinates":[[121.624505,25.04228],[121.624431,25.041806],[121.624362,25.041494],[121.624273,25.041155],[121.62417,25.040811],[121.624025,25.040425],[121.623875,25.040062],[121.623727,25.039717],[121.623522,25.03933],[121.623149,25.038653],[121.622922,25.038282],[121.622718,25.037961],[121.622243,25.037364]]},"properties":{"name":"福爾摩沙高速公路","highway":"motorway","elevated":true}},{"type":"Feature","geometry":{"type":"LineString","coordinates":[[121.619124,25.034584],[121.620114,25.035263],[121.620736,25.035705],[121.621303,25.036197],[121.621845,25.036726],[121.622354,25.037297]]},"properties":{"name":"福爾摩沙高速公路","highway":"motorway","elevated":false}},{"type":"Feature","geometry":{"type":"LineString","coordinates":[[121.614969,25.032152],[121.615352,25.032376]]},"properties":{"name":"福爾摩沙高速公路","highway":"motorway","elevated":false}},{"type":"Feature","geometry":{"type":"LineString","coordinates":[[121.619044,25.034688],[121.61838,25.034292]]},"properties":{"name":"福爾摩沙高速公路","highway":"motorway","elevated":true}},{"type":"Feature","geometry":{"type":"LineString","coordinates":[[121.61487,25.032257],[121.614197,25.031867],[121.614004,25.031755],[121.613312,25.031354]]},"properties":{"name":"福爾摩沙高速公路","highway":"motorway","elevated":true}},{"type":"Feature","geometry":{"type":"LineString","coordinates":[[121.606121,25.027125],[121.605251,25.026559],[121.604306,25.025923],[121.603623,25.025376],[121.602816,25.024702],[121.602413,25.02433],[121.601936,25.023851]]},"properties":{"name":"福爾摩沙高速公路","highway":"motorway","elevated":false}},{"type":"Feature","geometry":{"type":"LineString","coordinates":[[121.625601,25.034736],[121.625418,25.034789],[121.624735,25.034996]]},"properties":{"name":"蔣渭水高速公路","highway":"motorway","elevated":false}},{"type":"Feature","geometry":{"type":"LineString","coordinates":[[121.623033,25.038162],[121.623253,25.038463],[121.623442,25.038785],[121.623632,25.039124],[121.623857,25.039578],[121.624147,25.040288],[121.624455,25.041158],[121.624608,25.041688],[121.624661,25.041938],[121.624722,25.042198]]},"properties":{"name":"福爾摩沙高速公路","highway":"motorway","elevated":true}},{"type":"Feature","geometry":{"type":"LineString","coordinates":[[121.606233,25.026965],[121.60715,25.027552]]},"properties":{"name":"福爾摩沙高速公路","highway":"motorway","elevated":true}},{"type":"Feature","geometry":{"type":"LineString","coordinates":[[121.622243,25.037364],[121.62158,25.036689],[121.621446,25.036561],[121.621191,25.036325],[121.620775,25.035958],[121.620384,25.035655]]},"properties":{"name":"福爾摩沙高速公路","highway":"motorway","elevated":false}},{"type":"Feature","geometry":{"type":"LineString","coordinates":[[121.61838,25.034292],[121.617068,25.033526]]},"properties":{"name":"福爾摩沙高速公路","highway":"motorway","elevated":false}},{"type":"Feature","geometry":{"type":"LineString","coordinates":[[121.571571,25.031336],[121.571573,25.031263]]},"properties":{"name":"信義快速道路","highway":"trunk","elevated":false}},{"type":"Feature","geometry":{"type":"LineString","coordinates":[[121.560209,25.084667],[121.560285,25.084612],[121.560503,25.084454],[121.560695,25.084294],[121.560933,25.084022],[121.561114,25.083634],[121.561404,25.082941],[121.561603,25.082436],[121.56185,25.081914],[121.562205,25.08115],[121.562501,25.080666],[121.562569,25.080561],[121.562627,25.08047]]},"properties":{"name":"堤頂大道二段","highway":"trunk","elevated":false}},{"type":"Feature","geometry":{"type":"LineString","coordinates":[[121.563364,25.044958],[121.562788,25.045058],[121.562241,25.045146],[121.56164,25.045204],[121.560996,25.045233],[121.558998,25.045265],[121.558511,25.045254],[121.558135,25.045205],[121.557845,25.045168],[121.557412,25.045105],[121.55566,25.04476],[121.555024,25.044641],[121.554989,25.044635],[121.554455,25.044544],[121.553973,25.044496],[121.553458,25.044466],[121.552986,25.044486],[121.55247,25.044525],[121.551784,25.044583],[121.549571,25.044856],[121.547305,25.045099],[121.546838,25.045151],[121.546465,25.045159],[121.54609,25.045156],[121.545443,25.045081]]},"properties":{"name":"市民大道高架道路","highway":"trunk","elevated":true}},{"type":"Feature","geometry":{"type":"LineString","coordinates":[[121.615462,25.063332],[121.614944,25.063486],[121.61478,25.063528],[121.614647,25.063548],[121.61452,25.063563],[121.614379,25.063568],[121.614247,25.063567],[121.614121,25.063559],[121.614006,25.063551],[121.613901,25.063535],[121.613775,25.063508],[121.613554,25.063456],[121.613356,25.06339],[121.613158,25.06329],[121.612992,25.06318],[121.612767,25.063003],[121.612569,25.062796],[121.612166,25.062351],[121.611582,25.061681],[121.611249,25.061308],[121.610921,25.060973],[121.610044,25.06033],[121.609795,25.060153],[121.609406,25.059952],[121.608642,25.059691],[121.608522,25.059659],[121.608035,25.05951],[121.607566,25.059365],[121.607187,25.059248],[121.606906,25.059173],[121.606697,25.059126],[121.606421,25.059063],[121.606012,25.058995],[121.605593,25.058922],[121.604805,25.058802],[121.60373,25.058677],[121.603223,25.058619],[121.602902,25.058582],[121.602475,25.05853],[121.601971,25.058488],[121.601589,25.058459],[121.600905,25.058433],[121.600209,25.0584],[121.599371,25.058361],[121.598963,25.058352],[121.598488,25.058366],[121.598253,25.058387],[121.598029,25.058422],[121.597672,25.058482],[121.597294,25.05858],[121.596821,25.058736],[121.596349,25.058906],[121.596046,25.059],[121.595771,25.05906],[121.595509,25.059104],[121.594983,25.059135],[121.5944,25.059133],[121.59419,25.05916],[121.593874,25.05924]]},"properties":{"name":"環東大道","highway":"trunk","elevated":true}},{"type":"Feature","geometry":{"type":"LineString","coordinates":[[121.567114,25.045737],[121.567183,25.045818],[121.567359,25.046095],[121.568345,25.047752],[121.568477,25.047884]]},"properties":{"name":"市民大道","highway":"trunk","elevated":true}},{"type":"Feature","geometry":{"type":"LineString","coordinates":[[121.59426,25.063908],[121.5947,25.063849],[121.595263,25.063788]]},"properties":{"name":"中山高速公路","highway":"motorway","elevated":true}},{"type":"Feature","geometry":{"type":"LineString","coordinates":[[121.594359,25.064009],[121.593881,25.064077],[121.593137,25.064209],[121.592582,25.064326],[121.592108,25.064436],[121.59117,25.064688],[121.59006,25.065046],[121.589131,25.065396],[121.587661,25.066013],[121.58721,25.066221]]},"properties":{"name":"中山高速公路","highway":"motorway","elevated":true}},{"type":"Feature","geometry":{"type":"LineString","coordinates":[[121.595437,25.004735],[121.595266,25.003925]]},"properties":{"name":"福爾摩沙高速公路","highway":"motorway","elevated":true}},{"type":"Feature","geometry":{"type":"LineString","coordinates":[[121.59191,25.002461],[121.59132,25.002571],[121.590083,25.002894]]},"properties":{"name":"台北聯絡線","highway":"motorway","elevated":false}},{"type":"Feature","geometry":{"type":"LineString","coordinates":[[121.593582,24.994498],[121.593781,24.99539]]},"properties":{"name":"福爾摩沙高速公路","highway":"motorway","elevated":false}},{"type":"Feature","geometry":{"type":"LineString","coordinates":[[121.556938,24.975649],[121.555645,24.974864],[121.554405,24.974023],[121.553878,24.973626],[121.553305,24.973106],[121.55246,24.972253]]},"properties":{"name":"福爾摩沙高速公路","highway":"motorway","elevated":true}},{"type":"Feature","geometry":{"type":"LineString","coordinates":[[121.555895,24.974769],[121.556629,24.975224],[121.557333,24.975622],[121.558438,24.976164],[121.559273,24.976514],[121.560099,24.976785],[121.560762,24.976969],[121.56143,24.977113],[121.561891,24.977191]]},"properties":{"name":"福爾摩沙高速公路","highway":"motorway","elevated":true}},{"type":"Feature","geometry":{"type":"LineString","coordinates":[[121.594099,24.998822],[121.593385,24.995448]]},"properties":{"name":"景美溪橋","highway":"motorway","elevated":true}},{"type":"Feature","geometry":{"type":"LineString","coordinates":[[121.593918,25.002097],[121.593275,25.002184],[121.592631,25.002296],[121.59191,25.002461]]},"properties":{"name":"台北聯絡線","highway":"motorway","elevated":false}},{"type":"Feature","geometry":{"type":"LineString","coordinates":[[121.516416,25.048837],[121.515734,25.048965],[121.514822,25.04916],[121.513985,25.049315],[121.513352,25.049471],[121.51243,25.049792],[121.512011,25.049918],[121.511604,25.050015],[121.511067,25.050112],[121.510635,25.050192],[121.510327,25.050248]]},"properties":{"name":"市民大道高架道路","highway":"trunk","elevated":true}},{"type":"Feature","geometry":{"type":"LineString","coordinates":[[121.518422,25.048393],[121.519564,25.048223],[121.519959,25.048162],[121.520546,25.048051],[121.520807,25.048003],[121.521111,25.047953],[121.521372,25.047919],[121.521698,25.047892],[121.523963,25.047759],[121.524314,25.047729],[121.524694,25.047675],[121.524928,25.047637],[121.525198,25.047581],[121.525507,25.04751],[121.525847,25.047423],[121.526155,25.047338],[121.526613,25.047199]]},"properties":{"name":"市民大道高架道路","highway":"trunk","elevated":true}},{"type":"Feature","geometry":{"type":"LineString","coordinates":[[121.51762,25.048656],[121.516416,25.048837]]},"properties":{"name":"市民大道高架道路","highway":"trunk","elevated":true}},{"type":"Feature","geometry":{"type":"LineString","coordinates":[[121.537522,25.011565],[121.537312,25.01141],[121.537171,25.011324],[121.536997,25.011221],[121.536796,25.011156],[121.536164,25.011013],[121.535907,25.010944],[121.535727,25.010862],[121.535597,25.010792],[121.535278,25.010607]]},"properties":{"name":"基隆路高架道路","highway":"trunk","elevated":true}},{"type":"Feature","geometry":{"type":"LineString","coordinates":[[121.534023,25.00624],[121.534214,25.005919],[121.534323,25.005738],[121.534468,25.005498],[121.534635,25.005218],[121.534842,25.004905],[121.535136,25.004316],[121.535241,25.004031],[121.535325,25.003781],[121.535386,25.003521],[121.535422,25.003301],[121.535467,25.002778],[121.535467,25.002477],[121.535419,25.001742],[121.535375,25.001226],[121.535349,25.000966],[121.53533,25.000691],[121.5353,25.000331]]},"properties":{"name":"水源快速道路","highway":"trunk","elevated":true}},{"type":"Feature","geometry":{"type":"LineString","coordinates":[[121.501477,25.018499],[121.501315,25.018393],[121.499707,25.017245],[121.499623,25.017184],[121.499257,25.016936],[121.498752,25.016697],[121.497813,25.016374],[121.497271,25.016324],[121.496989,25.016332],[121.496708,25.016361],[121.495752,25.016584],[121.495613,25.016619],[121.495207,25.016752],[121.494999,25.016831],[121.494898,25.016874],[121.494797,25.01692],[121.494644,25.017005],[121.494451,25.017131],[121.494303,25.017241],[121.494174,25.01735],[121.494073,25.017445],[121.493978,25.017543],[121.49385,25.017688],[121.493686,25.017927],[121.49352,25.018209],[121.493365,25.018516],[121.493072,25.019157]]},"properties":{"name":"水源快速道路","highway":"trunk","elevated":true}},{"type":"Feature","geometry":{"type":"LineString","coordinates":[[121.492996,25.019131],[121.493279,25.018516],[121.49344,25.018208],[121.493579,25.017954],[121.493786,25.017647],[121.493968,25.017446],[121.494091,25.017333],[121.494221,25.017221],[121.494367,25.017114],[121.494519,25.01701],[121.494684,25.016908],[121.494803,25.016846],[121.494949,25.01678],[121.495146,25.016704],[121.495389,25.01662],[121.495599,25.016552],[121.49592,25.016474],[121.49633,25.016372],[121.496533,25.016323],[121.49674,25.016289],[121.497264,25.016252],[121.497861,25.016306]]},"properties":{"name":"水源快速道路","highway":"trunk","elevated":true}},{"type":"Feature","geometry":{"type":"LineString","coordinates":[[121.522394,25.020395],[121.520137,25.020863],[121.51896,25.021106],[121.518774,25.021145],[121.518171,25.021305],[121.517642,25.02146],[121.51703,25.021643]]},"properties":{"name":"水源快速道路","highway":"trunk","elevated":false}},{"type":"Feature","geometry":{"type":"LineString","coordinates":[[121.511638,25.023604],[121.511809,25.023708],[121.512053,25.023913],[121.512138,25.023976],[121.512192,25.024011],[121.512273,25.024047]]},"properties":{"name":"水源快速道路","highway":"trunk","elevated":false}},{"type":"Feature","geometry":{"type":"LineString","coordinates":[[121.508916,25.022891],[121.508403,25.022638],[121.505693,25.020845],[121.504361,25.019929],[121.50431,25.019897],[121.504304,25.019893],[121.504089,25.019765],[121.503474,25.019464],[121.502138,25.018904],[121.501477,25.018499]]},"properties":{"name":"水源快速道路","highway":"trunk","elevated":false}},{"type":"Feature","geometry":{"type":"LineString","coordinates":[[121.510241,25.023145],[121.510551,25.023271],[121.510873,25.023371],[121.511243,25.023466],[121.511336,25.02349],[121.511469,25.023531],[121.511638,25.023604]]},"properties":{"name":"水源快速道路 (泉州街引道)","highway":"trunk","elevated":true}},{"type":"Feature","geometry":{"type":"LineString","coordinates":[[121.512803,25.024045],[121.513282,25.024019],[121.513727,25.023967]]},"properties":{"name":"水源快速道路泉州街引道","highway":"trunk","elevated":true}},{"type":"Feature","geometry":{"type":"LineString","coordinates":[[121.512488,25.024128],[121.512353,25.024115],[121.512257,25.024098]]},"properties":{"name":"水源快速道路","highway":"trunk","elevated":false}},{"type":"Feature","geometry":{"type":"LineString","coordinates":[[121.492574,25.019976],[121.492996,25.019131]]},"properties":{"name":"環河快速道路","highway":"trunk","elevated":false}},{"type":"Feature","geometry":{"type":"LineString","coordinates":[[121.489155,25.027444],[121.489478,25.026801],[121.490846,25.023842],[121.491256,25.022901],[121.491992,25.021264],[121.492574,25.019976]]},"properties":{"name":"環河快速道路","highway":"trunk","elevated":false}},{"type":"Feature","geometry":{"type":"LineString","coordinates":[[121.57698,25.000692],[121.577065,25.000887],[121.577178,25.001043],[121.577346,25.001186],[121.577646,25.001396],[121.57825,25.001829],[121.57859,25.002104],[121.57895,25.002359]]},"properties":{"name":"信義快速道路","highway":"trunk","elevated":false}},{"type":"Feature","geometry":{"type":"LineString","coordinates":[[121.534173,25.006032],[121.534017,25.006387],[121.533569,25.007523]]},"properties":{"name":"水源快速道路","highway":"trunk","elevated":true}},{"type":"Feature","geometry":{"type":"LineString","coordinates":[[121.534682,25.009932],[121.534981,25.010124],[121.535281,25.010356],[121.53552,25.010556],[121.535713,25.010692],[121.535917,25.010799],[121.536185,25.010886],[121.536455,25.01096],[121.536715,25.01102],[121.536997,25.011086],[121.537147,25.011146]]},"properties":{"name":"基隆路高架道路","highway":"trunk","elevated":true}},{"type":"Feature","geometry":{"type":"LineString","coordinates":[[121.541547,25.014795],[121.541871,25.015048],[121.542987,25.015981],[121.544419,25.017203],[121.545133,25.017793],[121.545951,25.018509]]},"properties":{"name":"基隆路高架道路","highway":"trunk","elevated":true}},{"type":"Feature","geometry":{"type":"LineString","coordinates":[[121.532023,25.008557],[121.532471,25.008758]]},"properties":{"name":"基隆路高架道路","highway":"trunk","elevated":true}},{"type":"Feature","geometry":{"type":"LineString","coordinates":[[121.581572,24.977769],[121.582547,24.97823]]},"properties":{"name":"福爾摩沙高速公路","highway":"motorway","elevated":true}},{"type":"Feature","geometry":{"type":"LineString","coordinates":[[121.581007,24.978006],[121.580401,24.977716],[121.57913,24.977267],[121.578493,24.977098],[121.577376,24.97689],[121.575869,24.976619]]},"properties":{"name":"景美隧道","highway":"motorway","elevated":false}},{"type":"Feature","geometry":{"type":"LineString","coordinates":[[121.530841,25.046664],[121.530836,25.04664],[121.530751,25.046353],[121.530666,25.046085],[121.530609,25.045816],[121.529875,25.0433],[121.529803,25.043046],[121.529301,25.041345]]},"properties":{"name":"新生高架道路","highway":"trunk","elevated":true}},{"type":"Feature","geometry":{"type":"LineString","coordinates":[[121.617068,25.033526],[121.615172,25.032449],[121.61487,25.032257]]},"properties":{"name":"福爾摩沙高速公路","highway":"motorway","elevated":false}},{"type":"Feature","geometry":{"type":"LineString","coordinates":[[121.574707,25.070264],[121.575744,25.070049],[121.576448,25.069883],[121.57781,25.069534],[121.578594,25.06931],[121.579368,25.069058],[121.5804,25.068689],[121.582634,25.067797],[121.584253,25.06713],[121.585946,25.066431],[121.587437,25.065817],[121.5881,25.065554],[121.588782,25.065263],[121.589647,25.06491],[121.590268,25.064695],[121.590868,25.064502],[121.591801,25.064237],[121.592349,25.064102],[121.592806,25.064001],[121.593229,25.063925],[121.593914,25.063801],[121.594583,25.063708],[121.595191,25.063641],[121.596398,25.063572],[121.597156,25.063554],[121.597975,25.063578],[121.59862,25.063621],[121.599353,25.063683],[121.600268,25.063775],[121.601929,25.063986],[121.60327,25.064152],[121.607603,25.064682],[121.610586,25.065073],[121.612045,25.065243],[121.613839,25.06543],[121.615341,25.065623],[121.618966,25.066001]]},"properties":{"name":"汐止五股高架道路","highway":"motorway","elevated":true}},{"type":"Feature","geometry":{"type":"LineString","coordinates":[[121.574793,25.053494],[121.576752,25.054539]]},"properties":{"name":"環東大道","highway":"trunk","elevated":true}},{"type":"Feature","geometry":{"type":"LineString","coordinates":[[121.568477,25.047884],[121.568826,25.048465],[121.569815,25.050131]]},"properties":{"name":"正氣橋","highway":"trunk","elevated":true}},{"type":"Feature","geometry":{"type":"LineString","coordinates":[[121.580403,25.069088],[121.579508,25.069378],[121.578729,25.069626],[121.578115,25.069808],[121.577267,25.070041],[121.576616,25.070206],[121.575732,25.070413],[121.575054,25.070555],[121.574337,25.070692],[121.573905,25.070768],[121.573412,25.070847],[121.572921,25.07092],[121.572211,25.071012],[121.571466,25.071097],[121.57061,25.071182],[121.569767,25.071242],[121.568363,25.071302]]},"properties":{"name":"汐止五股高架道路","highway":"motorway","elevated":true}},{"type":"Feature","geometry":{"type":"LineString","coordinates":[[121.633601,25.067965],[121.633326,25.067845],[121.633039,25.067737],[121.632548,25.067583],[121.632079,25.067451],[121.631649,25.067341],[121.631253,25.067261],[121.630598,25.067162],[121.629927,25.067099],[121.628998,25.067039],[121.625976,25.066781],[121.621662,25.066407],[121.617132,25.066059],[121.614966,25.065832]]},"properties":{"name":"中山高速公路","highway":"motorway","elevated":true}},{"type":"Feature","geometry":{"type":"LineString","coordinates":[[121.574742,25.053629],[121.571199,25.051717]]},"properties":{"name":"麥帥一橋","highway":"trunk","elevated":true}},{"type":"Feature","geometry":{"type":"LineString","coordinates":[[121.56849,25.047904],[121.568356,25.047772],[121.567367,25.046125]]},"properties":{"name":"市民大道","highway":"trunk","elevated":true}},{"type":"Feature","geometry":{"type":"LineString","coordinates":[[121.536608,25.045686],[121.536568,25.044432]]},"properties":{"name":"建國快速道路","highway":"trunk","elevated":true}},{"type":"Feature","geometry":{"type":"LineString","coordinates":[[121.536568,25.044432],[121.53656,25.044199],[121.536574,25.043728],[121.536638,25.043028],[121.536727,25.04259],[121.536803,25.042348],[121.536901,25.042069],[121.537099,25.04157],[121.537282,25.041123]]},"properties":{"name":"建國快速道路","highway":"trunk","elevated":true}},{"type":"Feature","geometry":{"type":"LineString","coordinates":[[121.526865,25.072395],[121.527534,25.071601],[121.527637,25.071462],[121.527769,25.071256],[121.527818,25.071147],[121.52785,25.07104],[121.527873,25.070926]]},"properties":{"name":"新生高架道路","highway":"trunk","elevated":true}},{"type":"Feature","geometry":{"type":"LineString","coordinates":[[121.526098,25.07348],[121.525929,25.073659],[121.525807,25.073808],[121.525748,25.073883],[121.525627,25.074049],[121.525577,25.074146],[121.525548,25.074213],[121.525509,25.074326],[121.525501,25.074384],[121.525498,25.07445],[121.525498,25.074572],[121.525545,25.074836],[121.525594,25.075065],[121.525606,25.07514],[121.525614,25.075251],[121.525607,25.075368],[121.525599,25.07545],[121.525583,25.07553],[121.525565,25.075592],[121.525539,25.075675],[121.525242,25.076516],[121.525149,25.076836],[121.52513,25.076937],[121.525118,25.077025],[121.5251,25.077214],[121.525083,25.07739],[121.525069,25.0775],[121.525049,25.077636],[121.524996,25.077863],[121.524695,25.078901]]},"properties":{"name":"新生高架道路","highway":"trunk","elevated":true}},{"type":"Feature","geometry":{"type":"LineString","coordinates":[[121.530884,25.046425],[121.530939,25.046712],[121.530947,25.04679],[121.530941,25.046869],[121.53093,25.046923],[121.530914,25.046979],[121.53087,25.047071],[121.530831,25.04713],[121.530784,25.047184],[121.530109,25.047797],[121.529776,25.048137],[121.529454,25.048506],[121.529236,25.048791],[121.529065,25.049033],[121.52894,25.049218],[121.52882,25.049415],[121.528697,25.049621],[121.528565,25.049855],[121.528446,25.050084],[121.528326,25.05034],[121.528105,25.05086],[121.528041,25.051034],[121.527968,25.051258],[121.527834,25.051701],[121.527747,25.052045],[121.52769,25.052334],[121.527638,25.05278],[121.527596,25.053223],[121.527575,25.053613],[121.527571,25.053905]]},"properties":{"name":"新生高架道路","highway":"trunk","elevated":true}},{"type":"Feature","geometry":{"type":"LineString","coordinates":[[121.507666,25.050666],[121.507162,25.050725],[121.506958,25.050783],[121.506754,25.050851],[121.506619,25.050907],[121.506494,25.05094],[121.50637,25.050951],[121.506269,25.050947],[121.506159,25.050931],[121.506047,25.050897],[121.50595,25.050856],[121.505854,25.050801],[121.505676,25.050646],[121.505597,25.050535]]},"properties":{"name":"市民大道高架道路","highway":"trunk","elevated":true}},{"type":"Feature","geometry":{"type":"LineString","coordinates":[[121.528671,25.074012],[121.527938,25.074289]]},"properties":{"name":"中山高速公路","highway":"motorway","elevated":true}},{"type":"Feature","geometry":{"type":"LineString","coordinates":[[121.517004,25.021572],[121.517621,25.021398],[121.51815,25.021244],[121.518539,25.021139],[121.51876,25.021102],[121.520061,25.020825],[121.521025,25.02062],[121.521786,25.020457],[121.521897,25.020434],[121.522164,25.020365],[121.522431,25.020292],[121.522495,25.020269],[121.522531,25.020251],[121.52258,25.020223],[121.52262,25.020187],[121.52268,25.02011],[121.522702,25.020062]]},"properties":{"name":"水源快速道路","highway":"trunk","elevated":false}},{"type":"Feature","geometry":{"type":"LineString","coordinates":[[121.597375,25.001773],[121.597897,25.001788],[121.598321,25.001809],[121.598684,25.001836],[121.598925,25.00186],[121.599135,25.001888],[121.599447,25.001939]]},"properties":{"name":"台北聯絡線","highway":"motorway","elevated":false}},{"type":"Feature","geometry":{"type":"LineString","coordinates":[[121.522702,25.020062],[121.523808,25.01833],[121.523971,25.018123],[121.524737,25.016944],[121.525992,25.015094],[121.526129,25.014879],[121.526318,25.01461],[121.526585,25.014238]]},"properties":{"name":"水源快速道路","highway":"trunk","elevated":false}},{"type":"Feature","geometry":{"type":"LineString","coordinates":[[121.522737,25.020304],[121.522692,25.020325],[121.522651,25.020339],[121.522593,25.020358],[121.522504,25.02038],[121.522458,25.020389],[121.522394,25.020395]]},"properties":{"name":"水源快速道路","highway":"trunk","elevated":false}},{"type":"Feature","geometry":{"type":"LineString","coordinates":[[121.525848,25.015432],[121.525631,25.015746],[121.525424,25.016068],[121.524355,25.017709],[121.522818,25.020123],[121.522737,25.020304]]},"properties":{"name":"水源快速道路","highway":"trunk","elevated":false}},{"type":"Feature","geometry":{"type":"LineString","coordinates":[[121.526585,25.014238],[121.526978,25.013641],[121.527389,25.013063],[121.528307,25.011643],[121.528368,25.011558],[121.528457,25.011423],[121.528678,25.011131],[121.528857,25.010918],[121.529048,25.01074],[121.529194,25.010631],[121.529361,25.010534],[121.529538,25.010432],[121.529985,25.010246],[121.530578,25.010039],[121.530915,25.009894],[121.531312,25.009702],[121.531665,25.009493],[121.53188,25.00934],[121.532063,25.0092],[121.532234,25.009058],[121.532322,25.008981],[121.532497,25.008827],[121.53267,25.008649],[121.532844,25.008451],[121.533061,25.008169],[121.533182,25.007977],[121.533319,25.007749],[121.5336,25.007175],[121.534023,25.00624]]},"properties":{"name":null,"highway":"trunk","elevated":true}},{"type":"Feature","geometry":{"type":"LineString","coordinates":[[121.53016,25.073263],[121.530378,25.073212],[121.530814,25.073043],[121.531252,25.072892],[121.531849,25.072725],[121.532333,25.07264],[121.532758,25.072593]]},"properties":{"name":"中山高速公路","highway":"motorway","elevated":false}},{"type":"Feature","geometry":{"type":"LineString","coordinates":[[121.599447,25.001939],[121.599599,25.001967],[121.599678,25.001978],[121.599744,25.001983],[121.59983,25.001981],[121.59994,25.001971],[121.600049,25.00195]]},"properties":{"name":"台北聯絡線","highway":"motorway","elevated":false}},{"type":"Feature","geometry":{"type":"LineString","coordinates":[[121.569815,25.050131],[121.569913,25.050212],[121.570145,25.050584],[121.570322,25.050825],[121.570507,25.051037],[121.570752,25.051266],[121.570997,25.051447],[121.571253,25.051604]]},"properties":{"name":"正氣橋","highway":"trunk","elevated":true}},{"type":"Feature","geometry":{"type":"LineString","coordinates":[[121.622281,25.057914],[121.622233,25.058015],[121.622114,25.058219],[121.621993,25.058406],[121.621467,25.059131]]},"properties":{"name":"環東大道","highway":"trunk","elevated":true}},{"type":"Feature","geometry":{"type":"LineString","coordinates":[[121.530818,25.020915],[121.531631,25.021597],[121.531899,25.021815],[121.532132,25.021984],[121.532352,25.022122],[121.532492,25.022183],[121.532731,25.022264],[121.533131,25.022351],[121.533506,25.022375],[121.535054,25.022404],[121.536583,25.022435],[121.536755,25.022451],[121.536957,25.022498],[121.537177,25.022588],[121.537329,25.022689],[121.537422,25.022767],[121.537521,25.02287],[121.537621,25.023006],[121.537681,25.023125],[121.537726,25.023221],[121.537749,25.023335],[121.537766,25.023451],[121.537772,25.023649],[121.53777,25.024012]]},"properties":{"name":"建國快速道路","highway":"trunk","elevated":true}},{"type":"Feature","geometry":{"type":"LineString","coordinates":[[121.53529,24.999027],[121.535311,24.998676],[121.535528,24.996494],[121.535536,24.996091]]},"properties":{"name":"水源快速道路","highway":"trunk","elevated":true}},{"type":"Feature","geometry":{"type":"LineString","coordinates":[[121.535313,24.999615],[121.535329,25.000313],[121.535344,25.000661],[121.535373,25.001005],[121.535437,25.00182],[121.535478,25.002632],[121.535461,25.002932],[121.535443,25.003134],[121.535423,25.003359],[121.535375,25.003594],[121.535295,25.003898],[121.535202,25.004161],[121.535138,25.004319],[121.535035,25.004537],[121.534891,25.004826],[121.534649,25.005218],[121.534396,25.005629],[121.534173,25.006032]]},"properties":{"name":"水源快速道路","highway":"trunk","elevated":true}},{"type":"Feature","geometry":{"type":"LineString","coordinates":[[121.577556,25.00148],[121.577355,25.001343],[121.577197,25.001211],[121.577081,25.001087],[121.576988,25.000947],[121.576898,25.00072]]},"properties":{"name":"信義快速道路","highway":"trunk","elevated":false}},{"type":"Feature","geometry":{"type":"LineString","coordinates":[[121.57895,25.002359],[121.579426,25.002821],[121.579816,25.003231],[121.580221,25.003767],[121.58052,25.004244],[121.580716,25.004609],[121.580824,25.004858],[121.580942,25.005124],[121.581018,25.005324],[121.581087,25.005539]]},"properties":{"name":"信義快速道路","highway":"trunk","elevated":false}},{"type":"Feature","geometry":{"type":"LineString","coordinates":[[121.578144,25.005247],[121.578366,25.005105],[121.578615,25.004962],[121.578813,25.004857],[121.579011,25.004766],[121.579462,25.004581],[121.57988,25.004464],[121.580224,25.00439]]},"properties":{"name":"台北聯絡線","highway":"motorway","elevated":false}},{"type":"Feature","geometry":{"type":"LineString","coordinates":[[121.525509,25.075175],[121.52546,25.074882],[121.52542,25.074683],[121.525408,25.074593],[121.525404,25.074459],[121.525415,25.074396],[121.525422,25.074341],[121.525439,25.07426],[121.525467,25.07417],[121.525513,25.07408],[121.525828,25.073651]]},"properties":{"name":"新生高架道路","highway":"trunk","elevated":true}},{"type":"Feature","geometry":{"type":"LineString","coordinates":[[121.569885,25.070888],[121.570304,25.070857],[121.571809,25.070709],[121.572939,25.070563],[121.573823,25.070425],[121.574707,25.070264]]},"properties":{"name":"汐止五股高架道路","highway":"motorway","elevated":true}},{"type":"Feature","geometry":{"type":"LineString","coordinates":[[121.57268,25.061744],[121.572683,25.061487],[121.572875,25.060368],[121.573097,25.059082],[121.573134,25.0588],[121.573278,25.057883],[121.573356,25.057401]]},"properties":{"name":"堤頂大道一段","highway":"trunk","elevated":false}},{"type":"Feature","geometry":{"type":"LineString","coordinates":[[121.572269,25.064462],[121.572285,25.064174],[121.572381,25.063401],[121.57268,25.061744]]},"properties":{"name":"堤頂大道一段","highway":"trunk","elevated":false}},{"type":"Feature","geometry":{"type":"LineString","coordinates":[[121.569725,25.04998],[121.56849,25.047904]]},"properties":{"name":"正氣橋","highway":"trunk","elevated":true}},{"type":"Feature","geometry":{"type":"LineString","coordinates":[[121.568363,25.071302],[121.567518,25.071312],[121.563843,25.071291],[121.563181,25.071317],[121.562509,25.07138],[121.561877,25.071477],[121.561204,25.071627],[121.560509,25.071829],[121.558685,25.07247],[121.558079,25.072672],[121.557443,25.072855],[121.556847,25.072991],[121.556185,25.0731],[121.555461,25.073177],[121.554515,25.073216],[121.552716,25.073249],[121.550985,25.073283],[121.544906,25.0734],[121.542535,25.073448],[121.54002,25.073487],[121.539339,25.073463],[121.538646,25.073407],[121.537569,25.073271]]},"properties":{"name":"汐止五股高架道路","highway":"motorway","elevated":true}},{"type":"Feature","geometry":{"type":"LineString","coordinates":[[121.57283,25.062231],[121.572642,25.063362]]},"properties":{"name":"堤頂大道一段","highway":"trunk","elevated":false}},{"type":"Feature","geometry":{"type":"LineString","coordinates":[[121.482185,25.026173],[121.482883,25.0265],[121.483705,25.02675],[121.484283,25.026877],[121.485442,25.027073],[121.486822,25.027293],[121.487928,25.027451],[121.488987,25.027602],[121.489471,25.027692],[121.489938,25.027826],[121.490373,25.028008],[121.490663,25.028153],[121.490969,25.028335],[121.491277,25.028544],[121.491807,25.028989],[121.492645,25.029713]]},"properties":{"name":"華翠大橋","highway":"trunk","elevated":true}},{"type":"Feature","geometry":{"type":"LineString","coordinates":[[121.629742,25.033281],[121.629145,25.033529],[121.628244,25.033894],[121.627407,25.034173],[121.625601,25.034736]]},"properties":{"name":"南港隧道","highway":"motorway","elevated":false}},{"type":"Feature","geometry":{"type":"LineString","coordinates":[[121.630753,25.032793],[121.630368,25.03299],[121.630086,25.033126],[121.629742,25.033281]]},"properties":{"name":"蔣渭水高速公路","highway":"motorway","elevated":false}},{"type":"Feature","geometry":{"type":"LineString","coordinates":[[121.629617,25.032992],[121.629927,25.032849],[121.630218,25.032713],[121.630647,25.032499]]},"properties":{"name":"蔣渭水高速公路","highway":"motorway","elevated":false}},{"type":"Feature","geometry":{"type":"LineString","coordinates":[[121.630647,25.032499],[121.631701,25.032007],[121.632125,25.031738],[121.632619,25.031437],[121.633354,25.03094],[121.634274,25.030309],[121.635483,25.029273],[121.636266,25.028529],[121.636773,25.027953],[121.6372,25.027506],[121.637731,25.026864],[121.638409,25.02591],[121.63882,25.025339],[121.639383,25.024421],[121.639788,25.023465],[121.640139,25.022746],[121.640217,25.022585],[121.640287,25.022425],[121.640416,25.022139],[121.640647,25.021598],[121.64084,25.021083],[121.641033,25.02044],[121.641829,25.018166],[121.64276,25.015097],[121.643125,25.01411],[121.643473,25.013297],[121.643659,25.0129],[121.643893,25.012489]]},"properties":{"name":"石碇隧道","highway":"motorway","elevated":false}},{"type":"Feature","geometry":{"type":"LineString","coordinates":[[121.526304,25.019822],[121.52622,25.019986]]},"properties":{"name":"建國快速道路","highway":"trunk","elevated":false}},{"type":"Feature","geometry":{"type":"LineString","coordinates":[[121.530665,25.020822],[121.530818,25.020915]]},"properties":{"name":"建國快速道路","highway":"trunk","elevated":false}},{"type":"Feature","geometry":{"type":"LineString","coordinates":[[121.529817,25.020242],[121.529507,25.019967]]},"properties":{"name":"建國快速道路","highway":"trunk","elevated":false}},{"type":"Feature","geometry":{"type":"LineString","coordinates":[[121.529563,25.019923],[121.529884,25.020205]]},"properties":{"name":"建國快速道路","highway":"trunk","elevated":false}},{"type":"Feature","geometry":{"type":"LineString","coordinates":[[121.529884,25.020205],[121.530306,25.020551],[121.530665,25.020822]]},"properties":{"name":"建國快速道路","highway":"trunk","elevated":false}},{"type":"Feature","geometry":{"type":"LineString","coordinates":[[121.530522,25.020878],[121.530334,25.020689],[121.529817,25.020242]]},"properties":{"name":"建國快速道路","highway":"trunk","elevated":false}},{"type":"Feature","geometry":{"type":"LineString","coordinates":[[121.526207,25.01977],[121.526873,25.018843],[121.526972,25.018713],[121.52703,25.01865]]},"properties":{"name":"建國快速道路","highway":"trunk","elevated":false}},{"type":"Feature","geometry":{"type":"LineString","coordinates":[[121.52712,25.018711],[121.527066,25.018773],[121.527006,25.018846],[121.52692,25.01896],[121.526304,25.019822]]},"properties":{"name":"建國快速道路","highway":"trunk","elevated":false}},{"type":"Feature","geometry":{"type":"LineString","coordinates":[[121.529507,25.019967],[121.527951,25.018663],[121.527841,25.018589],[121.527732,25.01854],[121.527611,25.018511],[121.527499,25.018504],[121.527375,25.018523],[121.527262,25.018561],[121.52712,25.018711]]},"properties":{"name":"建國快速道路","highway":"trunk","elevated":false}},{"type":"Feature","geometry":{"type":"LineString","coordinates":[[121.52703,25.01865],[121.527177,25.018517],[121.527296,25.018461],[121.52739,25.018435],[121.527478,25.018431],[121.527565,25.018429],[121.527662,25.01844],[121.527771,25.01847],[121.527888,25.018523],[121.528007,25.018594],[121.528634,25.019122],[121.529563,25.019923]]},"properties":{"name":"建國快速道路","highway":"trunk","elevated":false}},{"type":"Feature","geometry":{"type":"LineString","coordinates":[[121.497412,25.094676],[121.497373,25.0948]]},"properties":{"name":"洲美快速道路","highway":"trunk","elevated":false}},{"type":"Feature","geometry":{"type":"LineString","coordinates":[[121.497233,25.094766],[121.49727,25.094629]]},"properties":{"name":"洲美快速道路","highway":"trunk","elevated":false}},{"type":"Feature","geometry":{"type":"LineString","coordinates":[[121.499149,25.103166],[121.499096,25.104484],[121.499064,25.105263],[121.499032,25.106123],[121.498902,25.109454],[121.498883,25.109842],[121.498859,25.110208],[121.49873,25.111505],[121.498709,25.111876],[121.498715,25.112219],[121.498754,25.112561],[121.498805,25.112888],[121.498893,25.113223],[121.499042,25.113604],[121.499225,25.113978],[121.499529,25.114549],[121.49963,25.114784],[121.4997,25.114961],[121.499783,25.115219],[121.499848,25.115479],[121.49988,25.115671],[121.499905,25.115859],[121.499925,25.116221]]},"properties":{"name":"洲美快速道路","highway":"trunk","elevated":true}},{"type":"Feature","geometry":{"type":"LineString","coordinates":[[121.599096,25.063796],[121.599656,25.06384],[121.601158,25.063996],[121.603133,25.064248],[121.603159,25.064251]]},"properties":{"name":"中山高速公路","highway":"motorway","elevated":true}},{"type":"Feature","geometry":{"type":"LineString","coordinates":[[121.527262,25.074006],[121.527522,25.073933],[121.527822,25.073858],[121.528193,25.073782],[121.528605,25.073719],[121.529142,25.073671],[121.529815,25.073645],[121.531055,25.073602],[121.532036,25.073529],[121.532853,25.073439],[121.533667,25.073322],[121.534231,25.073221],[121.535425,25.072982],[121.536515,25.072785],[121.537543,25.072649]]},"properties":{"name":"汐止五股高架道路","highway":"motorway","elevated":true}},{"type":"Feature","geometry":{"type":"LineString","coordinates":[[121.574271,25.007357],[121.574147,25.007387],[121.57359,25.007525]]},"properties":{"name":"台北聯絡線","highway":"motorway","elevated":false}},{"type":"Feature","geometry":{"type":"LineString","coordinates":[[121.574353,25.007016],[121.574861,25.006888],[121.575323,25.006757],[121.575789,25.006606]]},"properties":{"name":"台北聯絡線","highway":"motorway","elevated":true}},{"type":"Feature","geometry":{"type":"LineString","coordinates":[[121.534017,25.067392],[121.535925,25.065966],[121.536244,25.065662],[121.53647,25.065409],[121.536631,25.065186],[121.536759,25.064962],[121.536867,25.064729],[121.536952,25.064457],[121.536996,25.064195],[121.537017,25.063971],[121.536931,25.058898],[121.536883,25.058245]]},"properties":{"name":"建國快速道路","highway":"trunk","elevated":true}},{"type":"Feature","geometry":{"type":"LineString","coordinates":[[121.525828,25.073651],[121.525984,25.073456],[121.526264,25.073141],[121.526865,25.072395]]},"properties":{"name":"松江大橋","highway":"trunk","elevated":true}},{"type":"Feature","geometry":{"type":"LineString","coordinates":[[121.492687,25.020014],[121.492513,25.020399],[121.49081,25.024213],[121.490785,25.02427],[121.490678,25.024508],[121.490524,25.024843],[121.489199,25.027527],[121.489082,25.027769],[121.488969,25.028021],[121.488779,25.0285]]},"properties":{"name":"環河快速道路","highway":"trunk","elevated":false}},{"type":"Feature","geometry":{"type":"LineString","coordinates":[[121.497861,25.016306],[121.498417,25.016491],[121.498897,25.016678],[121.499168,25.016805],[121.499536,25.017029],[121.499706,25.017132],[121.500025,25.017362],[121.5006,25.017781],[121.501134,25.018128],[121.501903,25.018656],[121.502066,25.018761],[121.502301,25.018871],[121.503521,25.019395],[121.504173,25.019712],[121.504363,25.019838],[121.504413,25.019868],[121.505052,25.020301],[121.508643,25.022693],[121.509084,25.022862],[121.510241,25.023145],[121.511284,25.023414],[121.511452,25.023459],[121.511651,25.023541],[121.511756,25.023598],[121.511848,25.023652],[121.512154,25.023905],[121.512228,25.023948],[121.512318,25.023987],[121.512407,25.024002],[121.51249,25.024012],[121.513158,25.023964],[121.513414,25.023953],[121.513727,25.023967]]},"properties":{"name":"水源快速道路","highway":"trunk","elevated":false}},{"type":"Feature","geometry":{"type":"LineString","coordinates":[[121.493072,25.019157],[121.492687,25.020014]]},"properties":{"name":"環河快速道路","highway":"trunk","elevated":false}},{"type":"Feature","geometry":{"type":"LineString","coordinates":[[121.608516,25.064924],[121.61068,25.065175]]},"properties":{"name":"中山高速公路","highway":"motorway","elevated":false}},{"type":"Feature","geometry":{"type":"LineString","coordinates":[[121.575789,25.006606],[121.576044,25.006513],[121.576326,25.006395],[121.576615,25.006253],[121.576916,25.006093],[121.577198,25.005916],[121.577452,25.005745],[121.578144,25.005247]]},"properties":{"name":"台北聯絡線","highway":"motorway","elevated":true}},{"type":"Feature","geometry":{"type":"LineString","coordinates":[[121.58026,25.004467],[121.579698,25.0046],[121.579312,25.004727],[121.578956,25.004872],[121.578636,25.005032],[121.578433,25.005149],[121.578192,25.005308]]},"properties":{"name":"台北聯絡線","highway":"motorway","elevated":false}},{"type":"Feature","geometry":{"type":"LineString","coordinates":[[121.572205,25.074601],[121.572255,25.074524]]},"properties":{"name":"堤頂大道一段","highway":"trunk","elevated":false}},{"type":"Feature","geometry":{"type":"LineString","coordinates":[[121.56281,25.080418],[121.562642,25.080619],[121.562609,25.080659],[121.562287,25.081205],[121.561675,25.082498],[121.561431,25.083176],[121.561099,25.083948],[121.560828,25.084332],[121.560782,25.084423]]},"properties":{"name":"堤頂大道二段","highway":"trunk","elevated":false}},{"type":"Feature","geometry":{"type":"LineString","coordinates":[[121.568717,25.077437],[121.5684,25.077528],[121.568376,25.077535],[121.567799,25.077695],[121.567169,25.07787],[121.566149,25.078157],[121.564915,25.078545],[121.564551,25.078694],[121.564529,25.078706],[121.564352,25.078814]]},"properties":{"name":"堤頂大道二段","highway":"trunk","elevated":false}},{"type":"Feature","geometry":{"type":"LineString","coordinates":[[121.568611,25.077376],[121.568916,25.077285],[121.569718,25.077054],[121.570186,25.076898],[121.570511,25.076739],[121.570785,25.076531],[121.571008,25.076325],[121.571154,25.076126],[121.571336,25.075881],[121.571848,25.075152],[121.572172,25.074654],[121.572205,25.074601]]},"properties":{"name":"堤頂大道二段","highway":"trunk","elevated":false}},{"type":"Feature","geometry":{"type":"LineString","coordinates":[[121.572352,25.074566],[121.572299,25.074644]]},"properties":{"name":"堤頂大道二段","highway":"trunk","elevated":false}},{"type":"Feature","geometry":{"type":"LineString","coordinates":[[121.564282,25.078855],[121.564168,25.078934],[121.564148,25.078946],[121.564033,25.079041],[121.5637,25.079364],[121.563389,25.079721],[121.563051,25.080103],[121.562893,25.080309],[121.56281,25.080418]]},"properties":{"name":"堤頂大道二段","highway":"trunk","elevated":false}},{"type":"Feature","geometry":{"type":"LineString","coordinates":[[121.564241,25.078809],[121.564312,25.078768],[121.564499,25.07866],[121.564718,25.078539],[121.565066,25.07841],[121.566477,25.077987],[121.567533,25.0777],[121.568363,25.077451],[121.568611,25.077376]]},"properties":{"name":"堤頂大道二段","highway":"trunk","elevated":false}},{"type":"Feature","geometry":{"type":"LineString","coordinates":[[121.536485,25.072866],[121.537632,25.073024]]},"properties":{"name":"中山高速公路","highway":"motorway","elevated":true}},{"type":"Feature","geometry":{"type":"LineString","coordinates":[[121.585956,25.059632],[121.585703,25.059501],[121.584163,25.05868]]},"properties":{"name":"環東大道","highway":"trunk","elevated":true}},{"type":"Feature","geometry":{"type":"LineString","coordinates":[[121.621467,25.059131],[121.621387,25.05927],[121.620914,25.059902],[121.620665,25.060195],[121.620118,25.060757],[121.619696,25.061151],[121.619116,25.061649],[121.618649,25.062],[121.618163,25.062314],[121.617649,25.062587],[121.617001,25.062866],[121.616484,25.063046],[121.615992,25.063201],[121.615462,25.063332]]},"properties":{"name":"環東大道","highway":"trunk","elevated":true}},{"type":"Feature","geometry":{"type":"LineString","coordinates":[[121.586065,25.059543],[121.586995,25.060064],[121.587961,25.060571]]},"properties":{"name":"環東大道","highway":"trunk","elevated":true}},{"type":"Feature","geometry":{"type":"LineString","coordinates":[[121.614619,25.063509],[121.61481,25.063467],[121.615164,25.063346]]},"properties":{"name":"環東大道","highway":"trunk","elevated":false}},{"type":"Feature","geometry":{"type":"LineString","coordinates":[[121.572418,25.065116],[121.572352,25.065912],[121.572345,25.066186],[121.572341,25.066339],[121.572363,25.06667],[121.572382,25.066759],[121.572431,25.066988],[121.5725,25.067214],[121.572613,25.067581],[121.573075,25.068845],[121.573182,25.069214],[121.573235,25.069496],[121.573268,25.069805],[121.573267,25.069871],[121.573262,25.070817]]},"properties":{"name":"堤頂大道一段","highway":"trunk","elevated":false}},{"type":"Feature","geometry":{"type":"LineString","coordinates":[[121.524695,25.078901],[121.52459,25.079266]]},"properties":{"name":"新生高架道路","highway":"trunk","elevated":true}},{"type":"Feature","geometry":{"type":"LineString","coordinates":[[121.488676,25.032717],[121.488563,25.032391],[121.488483,25.032069]]},"properties":{"name":"環河快速道路","highway":"trunk","elevated":true}},{"type":"Feature","geometry":{"type":"LineString","coordinates":[[121.48923,25.033532],[121.489717,25.034355]]},"properties":{"name":"環河快速道路","highway":"trunk","elevated":false}},{"type":"Feature","geometry":{"type":"LineString","coordinates":[[121.52459,25.079266],[121.524461,25.079741],[121.524448,25.07987]]},"properties":{"name":"新生高架道路","highway":"trunk","elevated":true}},{"type":"Feature","geometry":{"type":"LineString","coordinates":[[121.524512,25.079246],[121.52462,25.078884]]},"properties":{"name":"新生高架道路","highway":"trunk","elevated":true}},{"type":"Feature","geometry":{"type":"LineString","coordinates":[[121.595285,25.063903],[121.594359,25.064009]]},"properties":{"name":"中山高速公路","highway":"motorway","elevated":true}},{"type":"Feature","geometry":{"type":"LineString","coordinates":[[121.595263,25.063788],[121.596263,25.063721],[121.597054,25.063702],[121.598179,25.06373],[121.598866,25.063778],[121.599096,25.063796]]},"properties":{"name":"中山高速公路","highway":"motorway","elevated":false}},{"type":"Feature","geometry":{"type":"LineString","coordinates":[[121.599949,25.063986],[121.599739,25.063966],[121.599008,25.063893],[121.598463,25.063856],[121.59774,25.063827],[121.597056,25.06381],[121.596374,25.063832],[121.595285,25.063903]]},"properties":{"name":"中山高速公路","highway":"motorway","elevated":false}},{"type":"Feature","geometry":{"type":"LineString","coordinates":[[121.61066,25.065325],[121.607972,25.064986],[121.607635,25.064946],[121.605042,25.064603],[121.603231,25.064373]]},"properties":{"name":"中山高速公路","highway":"motorway","elevated":false}},{"type":"Feature","geometry":{"type":"LineString","coordinates":[[121.61068,25.065175],[121.614992,25.065676]]},"properties":{"name":"中山高速公路","highway":"motorway","elevated":true}},{"type":"Feature","geometry":{"type":"LineString","coordinates":[[121.572212,25.052116],[121.574793,25.053494]]},"properties":{"name":"麥帥一橋","highway":"trunk","elevated":true}},{"type":"Feature","geometry":{"type":"LineString","coordinates":[[121.632974,25.067787],[121.632304,25.067589],[121.631676,25.067468],[121.630797,25.067329],[121.629701,25.067231],[121.628319,25.067094],[121.625889,25.066861],[121.617608,25.066193],[121.615296,25.065989],[121.613531,25.065788]]},"properties":{"name":"汐止五股高架道路","highway":"motorway","elevated":true}},{"type":"Feature","geometry":{"type":"LineString","coordinates":[[121.625018,25.034589],[121.625311,25.034499],[121.625539,25.03442]]},"properties":{"name":"蔣渭水高速公路","highway":"motorway","elevated":false}},{"type":"Feature","geometry":{"type":"LineString","coordinates":[[121.624735,25.034996],[121.62369,25.035353]]},"properties":{"name":"蔣渭水高速公路","highway":"motorway","elevated":true}},{"type":"Feature","geometry":{"type":"LineString","coordinates":[[121.586889,25.003641],[121.590082,25.002771],[121.591727,25.002374]]},"properties":{"name":"台北聯絡線","highway":"motorway","elevated":false}},{"type":"Feature","geometry":{"type":"LineString","coordinates":[[121.58637,25.00377],[121.586889,25.003641]]},"properties":{"name":"台北聯絡線","highway":"motorway","elevated":true}},{"type":"Feature","geometry":{"type":"LineString","coordinates":[[121.586344,25.003862],[121.586056,25.003927],[121.585632,25.004003]]},"properties":{"name":"台北聯絡線","highway":"motorway","elevated":false}},{"type":"Feature","geometry":{"type":"LineString","coordinates":[[121.586812,25.003754],[121.586344,25.003862]]},"properties":{"name":"台北聯絡線","highway":"motorway","elevated":true}},{"type":"Feature","geometry":{"type":"LineString","coordinates":[[121.504478,25.048995],[121.504404,25.048883],[121.504358,25.048761],[121.504341,25.048691],[121.504336,25.048635],[121.504336,25.048564]]},"properties":{"name":null,"highway":"trunk","elevated":true}},{"type":"Feature","geometry":{"type":"LineString","coordinates":[[121.537707,25.024869],[121.537761,25.026256],[121.537775,25.028598],[121.53784,25.031995],[121.537899,25.035554],[121.537911,25.036093],[121.537915,25.036784],[121.537928,25.037275],[121.537936,25.037808],[121.537954,25.038704],[121.537934,25.039227],[121.537883,25.039704],[121.537797,25.040112],[121.537647,25.040559],[121.537568,25.040743]]},"properties":{"name":"建國快速道路","highway":"trunk","elevated":true}},{"type":"Feature","geometry":{"type":"LineString","coordinates":[[121.518452,25.048516],[121.51762,25.048656]]},"properties":{"name":"市民大道高架道路","highway":"trunk","elevated":true}},{"type":"Feature","geometry":{"type":"LineString","coordinates":[[121.510327,25.050248],[121.509179,25.050443],[121.508299,25.050579],[121.507666,25.050666]]},"properties":{"name":"市民大道高架道路","highway":"trunk","elevated":true}},{"type":"Feature","geometry":{"type":"LineString","coordinates":[[121.600653,25.064059],[121.599949,25.063986]]},"properties":{"name":"中山高速公路","highway":"motorway","elevated":false}},{"type":"Feature","geometry":{"type":"LineString","coordinates":[[121.517708,25.048479],[121.518422,25.048393]]},"properties":{"name":"市民大道高架道路","highway":"trunk","elevated":true}},{"type":"Feature","geometry":{"type":"LineString","coordinates":[[121.573589,25.057418],[121.573553,25.057752],[121.573064,25.060801],[121.573018,25.061343],[121.572887,25.062081],[121.57283,25.062231]]},"properties":{"name":"堤頂大道一段","highway":"trunk","elevated":false}},{"type":"Feature","geometry":{"type":"LineString","coordinates":[[121.537147,25.011146],[121.537447,25.011313],[121.538267,25.011985],[121.539887,25.013341],[121.541547,25.014795]]},"properties":{"name":"基隆路高架道路","highway":"trunk","elevated":true}},{"type":"Feature","geometry":{"type":"LineString","coordinates":[[121.532471,25.008758],[121.532859,25.008961],[121.533082,25.009072],[121.533578,25.009321],[121.534682,25.009932]]},"properties":{"name":"基隆路高架道路","highway":"trunk","elevated":true}},{"type":"Feature","geometry":{"type":"LineString","coordinates":[[121.488546,25.029287],[121.488467,25.029737],[121.488453,25.029877],[121.48844,25.03017],[121.488439,25.030476]]},"properties":{"name":"環河快速道路","highway":"trunk","elevated":false}},{"type":"Feature","geometry":{"type":"LineString","coordinates":[[121.488779,25.0285],[121.488573,25.029184],[121.488546,25.029287]]},"properties":{"name":"環河快速道路","highway":"trunk","elevated":false}},{"type":"Feature","geometry":{"type":"LineString","coordinates":[[121.506461,25.049977],[121.506647,25.050287],[121.506704,25.05039],[121.506781,25.050477],[121.506865,25.050533],[121.506959,25.050565],[121.507089,25.050576],[121.507199,25.050566],[121.507624,25.050523]]},"properties":{"name":"市民大道高架道路","highway":"trunk","elevated":true}},{"type":"Feature","geometry":{"type":"LineString","coordinates":[[121.542817,25.016049],[121.541979,25.015329],[121.539629,25.013327],[121.538995,25.012796],[121.538472,25.012341],[121.537555,25.011591],[121.537522,25.011565]]},"properties":{"name":"基隆路高架道路","highway":"trunk","elevated":true}},{"type":"Feature","geometry":{"type":"LineString","coordinates":[[121.562627,25.08047],[121.56277,25.080303],[121.563352,25.07962],[121.563659,25.079294],[121.564059,25.078927],[121.564123,25.078886],[121.564241,25.078809]]},"properties":{"name":"堤頂大道二段","highway":"trunk","elevated":false}},{"type":"Feature","geometry":{"type":"LineString","coordinates":[[121.622354,25.037297],[121.623033,25.038162]]},"properties":{"name":"福爾摩沙高速公路","highway":"motorway","elevated":true}},{"type":"Feature","geometry":{"type":"LineString","coordinates":[[121.603238,25.064261],[121.60763,25.064802],[121.608516,25.064924]]},"properties":{"name":"中山高速公路","highway":"motorway","elevated":true}},{"type":"Feature","geometry":{"type":"LineString","coordinates":[[121.603159,25.064251],[121.603238,25.064261]]},"properties":{"name":"中山高速公路","highway":"motorway","elevated":true}},{"type":"Feature","geometry":{"type":"LineString","coordinates":[[121.603152,25.064363],[121.602937,25.064336],[121.600653,25.064059]]},"properties":{"name":"中山高速公路","highway":"motorway","elevated":false}},{"type":"Feature","geometry":{"type":"LineString","coordinates":[[121.603231,25.064373],[121.603152,25.064363]]},"properties":{"name":"中山高速公路","highway":"motorway","elevated":true}},{"type":"Feature","geometry":{"type":"LineString","coordinates":[[121.537822,25.037796],[121.537829,25.03714],[121.537797,25.035537],[121.537754,25.032014],[121.5377,25.029541],[121.537678,25.028378],[121.53765,25.026266],[121.537603,25.024869]]},"properties":{"name":"建國快速道路","highway":"trunk","elevated":true}},{"type":"Feature","geometry":{"type":"LineString","coordinates":[[121.580588,25.004632],[121.580487,25.004381],[121.580292,25.004023]]},"properties":{"name":"信義快速道路","highway":"trunk","elevated":false}},{"type":"Feature","geometry":{"type":"LineString","coordinates":[[121.580292,25.004023],[121.580106,25.003725],[121.57976,25.003317],[121.579342,25.002843],[121.579256,25.002755]]},"properties":{"name":"信義快速道路","highway":"trunk","elevated":false}},{"type":"Feature","geometry":{"type":"LineString","coordinates":[[121.584299,25.004177],[121.583799,25.004243],[121.581551,25.004333]]},"properties":{"name":"台北聯絡線","highway":"motorway","elevated":false}},{"type":"Feature","geometry":{"type":"LineString","coordinates":[[121.591727,25.002374],[121.592556,25.002213],[121.593384,25.002082],[121.593823,25.002014],[121.593905,25.002003]]},"properties":{"name":"台北聯絡線","highway":"motorway","elevated":false}},{"type":"Feature","geometry":{"type":"LineString","coordinates":[[121.590083,25.002894],[121.588631,25.003265],[121.586812,25.003754]]},"properties":{"name":"台北聯絡線","highway":"motorway","elevated":false}},{"type":"Feature","geometry":{"type":"LineString","coordinates":[[121.593385,24.995448],[121.592972,24.993608],[121.592868,24.993144],[121.592641,24.992198]]},"properties":{"name":"福爾摩沙高速公路","highway":"motorway","elevated":false}},{"type":"Feature","geometry":{"type":"LineString","coordinates":[[121.595157,25.003426],[121.594099,24.998822]]},"properties":{"name":"景美溪橋","highway":"motorway","elevated":true}},{"type":"Feature","geometry":{"type":"LineString","coordinates":[[121.595266,25.003925],[121.595157,25.003426]]},"properties":{"name":"福爾摩沙高速公路","highway":"motorway","elevated":false}},{"type":"Feature","geometry":{"type":"LineString","coordinates":[[121.593905,25.002003],[121.594709,25.001912]]},"properties":{"name":"台北聯絡線","highway":"motorway","elevated":false}},{"type":"Feature","geometry":{"type":"LineString","coordinates":[[121.59958,25.00205],[121.599351,25.002009],[121.599112,25.00197],[121.59889,25.001941],[121.598669,25.001918],[121.598315,25.001893],[121.597936,25.00188],[121.597475,25.001878],[121.597395,25.001879]]},"properties":{"name":"台北聯絡線","highway":"motorway","elevated":false}},{"type":"Feature","geometry":{"type":"LineString","coordinates":[[121.593781,24.99539],[121.59588,25.004906]]},"properties":{"name":"景美溪橋","highway":"motorway","elevated":true}},{"type":"Feature","geometry":{"type":"LineString","coordinates":[[121.581283,25.009362],[121.581274,25.008968],[121.581254,25.008476],[121.581236,25.008071]]},"properties":{"name":"信義快速道路","highway":"trunk","elevated":false}},{"type":"Feature","geometry":{"type":"LineString","coordinates":[[121.581236,25.008071],[121.581209,25.007447],[121.581182,25.007154],[121.581163,25.006944],[121.58114,25.006743],[121.581091,25.006387],[121.581041,25.006083]]},"properties":{"name":"信義快速道路","highway":"trunk","elevated":false}},{"type":"Feature","geometry":{"type":"LineString","coordinates":[[121.58135,25.006584],[121.581399,25.006885],[121.58144,25.007166],[121.58149,25.007533],[121.581544,25.008043],[121.581587,25.008467],[121.581619,25.008901]]},"properties":{"name":"信義快速道路","highway":"trunk","elevated":false}},{"type":"Feature","geometry":{"type":"LineString","coordinates":[[121.581619,25.008901],[121.58163,25.009186]]},"properties":{"name":"信義快速道路","highway":"trunk","elevated":false}},{"type":"Feature","geometry":{"type":"LineString","coordinates":[[121.57775,25.0216],[121.577221,25.022427]]},"properties":{"name":"信義快速道路","highway":"trunk","elevated":true}},{"type":"Feature","geometry":{"type":"LineString","coordinates":[[121.577221,25.022427],[121.576817,25.023068]]},"properties":{"name":"信義快速道路","highway":"trunk","elevated":false}},{"type":"Feature","geometry":{"type":"LineString","coordinates":[[121.577237,25.021704],[121.577365,25.021489]]},"properties":{"name":"信義快速道路","highway":"trunk","elevated":false}},{"type":"Feature","geometry":{"type":"LineString","coordinates":[[121.576931,25.022295],[121.577237,25.021704]]},"properties":{"name":"信義快速道路","highway":"trunk","elevated":true}},{"type":"Feature","geometry":{"type":"LineString","coordinates":[[121.576518,25.023065],[121.576576,25.022959],[121.57669,25.022752],[121.576883,25.022387],[121.576931,25.022295]]},"properties":{"name":"信義快速道路","highway":"trunk","elevated":false}},{"type":"Feature","geometry":{"type":"LineString","coordinates":[[121.572254,25.029769],[121.572095,25.030118],[121.572042,25.030353],[121.572007,25.030571],[121.57196,25.030925]]},"properties":{"name":"象山隧道","highway":"trunk","elevated":false}},{"type":"Feature","geometry":{"type":"LineString","coordinates":[[121.574806,25.026269],[121.572734,25.029038],[121.572254,25.029769]]},"properties":{"name":"象山隧道","highway":"trunk","elevated":false}},{"type":"Feature","geometry":{"type":"LineString","coordinates":[[121.57196,25.030925],[121.571909,25.031393]]},"properties":{"name":"象山隧道","highway":"trunk","elevated":false}},{"type":"Feature","geometry":{"type":"LineString","coordinates":[[121.576817,25.023068],[121.57635,25.023793]]},"properties":{"name":"信義快速道路","highway":"trunk","elevated":false}},{"type":"Feature","geometry":{"type":"LineString","coordinates":[[121.551188,25.015443],[121.551754,25.015058],[121.552373,25.014674],[121.552732,25.014486],[121.553253,25.014268],[121.553597,25.014151]]},"properties":{"name":"台北聯絡線","highway":"motorway","elevated":true}},{"type":"Feature","geometry":{"type":"LineString","coordinates":[[121.551651,25.015225],[121.55125,25.015502]]},"properties":{"name":"台北聯絡線","highway":"motorway","elevated":true}},{"type":"Feature","geometry":{"type":"LineString","coordinates":[[121.579256,25.002755],[121.578904,25.002452],[121.578411,25.002092],[121.577906,25.001722],[121.577556,25.00148]]},"properties":{"name":"信義快速道路","highway":"trunk","elevated":false}},{"type":"Feature","geometry":{"type":"LineString","coordinates":[[121.493071,25.030282],[121.492771,25.030023],[121.492726,25.029985],[121.492565,25.029848]]},"properties":{"name":"艋舺大道","highway":"trunk","elevated":false}},{"type":"Feature","geometry":{"type":"LineString","coordinates":[[121.519418,25.076944],[121.519624,25.076905],[121.520074,25.076804]]},"properties":{"name":"中山高速公路","highway":"motorway","elevated":true}},{"type":"Feature","geometry":{"type":"LineString","coordinates":[[121.542348,25.044641],[121.545346,25.044987]]},"properties":{"name":"市民大道高架道路","highway":"trunk","elevated":true}},{"type":"Feature","geometry":{"type":"LineString","coordinates":[[121.545443,25.045081],[121.542339,25.044757]]},"properties":{"name":"市民大道高架道路","highway":"trunk","elevated":true}},{"type":"Feature","geometry":{"type":"LineString","coordinates":[[121.537282,25.041123],[121.5373,25.041077],[121.537507,25.040588],[121.537657,25.040141],[121.537775,25.039665],[121.537818,25.039295],[121.537851,25.038809],[121.537822,25.037796]]},"properties":{"name":"建國快速道路","highway":"trunk","elevated":true}},{"type":"Feature","geometry":{"type":"LineString","coordinates":[[121.513727,25.023967],[121.514329,25.023933],[121.514875,25.023911],[121.515062,25.023869],[121.515243,25.023799],[121.515388,25.023725]]},"properties":{"name":"水源快速道路","highway":"trunk","elevated":true}},{"type":"Feature","geometry":{"type":"LineString","coordinates":[[121.515388,25.023725],[121.515817,25.023499],[121.515944,25.023404],[121.516075,25.023288],[121.516146,25.023197],[121.516184,25.023122],[121.516206,25.023052],[121.516361,25.022512]]},"properties":{"name":"水源快速道路","highway":"trunk","elevated":true}},{"type":"Feature","geometry":{"type":"LineString","coordinates":[[121.512273,25.024047],[121.512367,25.024063],[121.512464,25.024068]]},"properties":{"name":"水源快速道路","highway":"trunk","elevated":false}},{"type":"Feature","geometry":{"type":"LineString","coordinates":[[121.536689,25.044471],[121.536727,25.045687],[121.536796,25.047873],[121.53681,25.048564],[121.536867,25.051579],[121.536944,25.055092],[121.536934,25.055951],[121.536968,25.05825]]},"properties":{"name":"建國快速道路","highway":"trunk","elevated":true}},{"type":"Feature","geometry":{"type":"LineString","coordinates":[[121.537568,25.040743],[121.537464,25.040987],[121.537271,25.041463],[121.537003,25.042104],[121.536911,25.042355],[121.536833,25.042623],[121.536735,25.043154],[121.536681,25.043728],[121.536678,25.04415],[121.536689,25.044471]]},"properties":{"name":"建國快速道路","highway":"trunk","elevated":true}},{"type":"Feature","geometry":{"type":"LineString","coordinates":[[121.536883,25.058245],[121.536845,25.057207],[121.536824,25.056126],[121.536802,25.054029],[121.536728,25.05103],[121.536695,25.049237],[121.536678,25.047892],[121.536608,25.045686]]},"properties":{"name":"建國快速道路","highway":"trunk","elevated":true}},{"type":"Feature","geometry":{"type":"LineString","coordinates":[[121.573262,25.070817],[121.573255,25.071991],[121.573243,25.072176],[121.573226,25.072358],[121.573186,25.07263],[121.573168,25.072718],[121.573141,25.072834],[121.573089,25.073058],[121.573017,25.073293],[121.572949,25.073487],[121.572855,25.073715],[121.572754,25.073933],[121.572673,25.074086],[121.57253,25.07433]]},"properties":{"name":"堤頂大道一段","highway":"trunk","elevated":false}},{"type":"Feature","geometry":{"type":"LineString","coordinates":[[121.535343,24.999121],[121.535328,24.999352],[121.535313,24.999615]]},"properties":{"name":"水源快速道路","highway":"trunk","elevated":true}},{"type":"Feature","geometry":{"type":"LineString","coordinates":[[121.5353,25.000331],[121.535294,24.999714]]},"properties":{"name":"水源快速道路","highway":"trunk","elevated":true}},{"type":"Feature","geometry":{"type":"LineString","coordinates":[[121.535294,24.999714],[121.535273,24.999376],[121.535279,24.999202],[121.53529,24.999027]]},"properties":{"name":"水源快速道路","highway":"trunk","elevated":true}},{"type":"Feature","geometry":{"type":"LineString","coordinates":[[121.587236,25.066029],[121.587564,25.065898],[121.589044,25.065316],[121.590013,25.064952],[121.590508,25.064779],[121.591206,25.064562],[121.592135,25.064317],[121.593204,25.064087],[121.59426,25.063908]]},"properties":{"name":"中山高速公路","highway":"motorway","elevated":true}},{"type":"Feature","geometry":{"type":"LineString","coordinates":[[121.58721,25.066221],[121.585794,25.066788],[121.583882,25.067569],[121.582403,25.068187],[121.581147,25.068685]]},"properties":{"name":"中山高速公路","highway":"motorway","elevated":true}},{"type":"Feature","geometry":{"type":"LineString","coordinates":[[121.508188,25.056882],[121.508128,25.056666]]},"properties":{"name":"環河快速道路","highway":"trunk","elevated":false}},{"type":"Feature","geometry":{"type":"LineString","coordinates":[[121.507615,25.054631],[121.507755,25.05509]]},"properties":{"name":"環河快速道路","highway":"trunk","elevated":false}},{"type":"Feature","geometry":{"type":"LineString","coordinates":[[121.492278,25.037148],[121.491814,25.036837],[121.491628,25.036695],[121.491375,25.036486],[121.491218,25.036351],[121.490991,25.03614],[121.490712,25.035862],[121.490331,25.035412],[121.489311,25.033967],[121.489157,25.033713],[121.488909,25.033261]]},"properties":{"name":"環河快速道路","highway":"trunk","elevated":true}},{"type":"Feature","geometry":{"type":"LineString","coordinates":[[121.565587,25.009539],[121.565256,25.009647]]},"properties":{"name":"台北聯絡線","highway":"motorway","elevated":true}},{"type":"Feature","geometry":{"type":"LineString","coordinates":[[121.565355,25.009353],[121.565677,25.009232]]},"properties":{"name":"台北聯絡線","highway":"motorway","elevated":true}},{"type":"Feature","geometry":{"type":"LineString","coordinates":[[121.493546,25.121432],[121.493679,25.121463],[121.494164,25.121435]]},"properties":{"name":"洲美快速道路","highway":"trunk","elevated":false}},{"type":"Feature","geometry":{"type":"LineString","coordinates":[[121.494168,25.121513],[121.493686,25.121541],[121.493558,25.121571]]},"properties":{"name":"洲美快速道路","highway":"trunk","elevated":false}},{"type":"Feature","geometry":{"type":"LineString","coordinates":[[121.572495,25.06417],[121.572418,25.065116]]},"properties":{"name":"堤頂大道一段","highway":"trunk","elevated":false}},{"type":"Feature","geometry":{"type":"LineString","coordinates":[[121.572642,25.063362],[121.5726,25.063504],[121.572545,25.063942],[121.572495,25.06417]]},"properties":{"name":"堤頂大道一段","highway":"trunk","elevated":false}},{"type":"Feature","geometry":{"type":"LineString","coordinates":[[121.529725,25.048087],[121.530189,25.047622],[121.530698,25.047165],[121.530753,25.047107],[121.530787,25.047059],[121.530819,25.047003],[121.530846,25.046936],[121.530861,25.046878],[121.530865,25.046815],[121.530862,25.046747],[121.530841,25.046664]]},"properties":{"name":"新生高架道路","highway":"trunk","elevated":true}},{"type":"Feature","geometry":{"type":"LineString","coordinates":[[121.499925,25.116221],[121.499921,25.116565],[121.499926,25.119303]]},"properties":{"name":"洲美快速道路","highway":"trunk","elevated":true}},{"type":"Feature","geometry":{"type":"LineString","coordinates":[[121.505597,25.050535],[121.505459,25.050361],[121.505371,25.050268],[121.505166,25.049996]]},"properties":{"name":"市民大道高架道路","highway":"trunk","elevated":true}},{"type":"Feature","geometry":{"type":"LineString","coordinates":[[121.505166,25.049996],[121.505105,25.049923],[121.505056,25.04988],[121.505001,25.049852],[121.504935,25.049832],[121.504858,25.049826],[121.504784,25.049836],[121.504709,25.049856]]},"properties":{"name":"市民大道高架道路","highway":"trunk","elevated":true}},{"type":"Feature","geometry":{"type":"LineString","coordinates":[[121.563813,25.010245],[121.564069,25.010062],[121.564294,25.009905],[121.564542,25.009752],[121.564818,25.009603],[121.565094,25.009463],[121.565355,25.009353]]},"properties":{"name":"台北聯絡線","highway":"motorway","elevated":false}},{"type":"Feature","geometry":{"type":"LineString","coordinates":[[121.526952,25.072448],[121.526627,25.072845],[121.52627,25.073279],[121.526098,25.07348]]},"properties":{"name":"松江大橋","highway":"trunk","elevated":true}},{"type":"Feature","geometry":{"type":"LineString","coordinates":[[121.497739,25.097859],[121.4974,25.096912],[121.497217,25.096361],[121.497138,25.096061],[121.497109,25.095692],[121.49712,25.095395]]},"properties":{"name":"洲美快速道路","highway":"trunk","elevated":true}},{"type":"Feature","geometry":{"type":"LineString","coordinates":[[121.497253,25.095405],[121.497239,25.095731],[121.497262,25.096011],[121.497334,25.096299],[121.49747,25.096703],[121.497703,25.097296]]},"properties":{"name":"洲美快速道路","highway":"trunk","elevated":true}},{"type":"Feature","geometry":{"type":"LineString","coordinates":[[121.498176,25.099051],[121.497739,25.097859]]},"properties":{"name":"洲美快速道路","highway":"trunk","elevated":true}},{"type":"Feature","geometry":{"type":"LineString","coordinates":[[121.497703,25.097296],[121.498459,25.099324]]},"properties":{"name":"洲美快速道路","highway":"trunk","elevated":true}},{"type":"Feature","geometry":{"type":"LineString","coordinates":[[121.49712,25.095395],[121.497143,25.095211],[121.497181,25.094991],[121.497233,25.094766]]},"properties":{"name":"洲美快速道路","highway":"trunk","elevated":false}},{"type":"Feature","geometry":{"type":"LineString","coordinates":[[121.497373,25.0948],[121.49731,25.09503],[121.497269,25.095265],[121.497253,25.095405]]},"properties":{"name":"洲美快速道路","highway":"trunk","elevated":false}},{"type":"Feature","geometry":{"type":"LineString","coordinates":[[121.498459,25.099324],[121.498625,25.099817],[121.498785,25.100292],[121.498939,25.100765],[121.499027,25.101103],[121.499115,25.101596],[121.499169,25.1021],[121.499165,25.102757],[121.499149,25.103166]]},"properties":{"name":"洲美快速道路","highway":"trunk","elevated":true}},{"type":"Feature","geometry":{"type":"LineString","coordinates":[[121.498676,25.100376],[121.498436,25.099774],[121.498176,25.099051]]},"properties":{"name":"洲美快速道路","highway":"trunk","elevated":true}},{"type":"Feature","geometry":{"type":"LineString","coordinates":[[121.499785,25.116357],[121.499783,25.115939],[121.49975,25.115654],[121.499702,25.11543],[121.49959,25.115124],[121.499489,25.114861],[121.499232,25.114326],[121.498955,25.113796],[121.498802,25.113427],[121.498714,25.113155],[121.498612,25.112728],[121.498555,25.112409],[121.498512,25.111999],[121.498505,25.11163],[121.498527,25.111272],[121.498622,25.110304],[121.498672,25.10946]]},"properties":{"name":"洲美快速道路","highway":"trunk","elevated":true}},{"type":"Feature","geometry":{"type":"LineString","coordinates":[[121.516361,25.022512],[121.516444,25.022223],[121.516508,25.022028]]},"properties":{"name":"水源車行地下道","highway":"trunk","elevated":false}},{"type":"Feature","geometry":{"type":"LineString","coordinates":[[121.516428,25.022531],[121.516266,25.023075],[121.51622,25.023185],[121.516152,25.023302],[121.516099,25.023363],[121.516035,25.023421],[121.515964,25.023487],[121.515877,25.023536],[121.515349,25.023839],[121.515198,25.02391],[121.515051,25.02395],[121.514903,25.023975],[121.512795,25.024116],[121.512488,25.024128]]},"properties":{"name":"水源快速道路","highway":"trunk","elevated":false}},{"type":"Feature","geometry":{"type":"LineString","coordinates":[[121.51703,25.021643],[121.516933,25.021693],[121.516839,25.021754],[121.516753,25.021829],[121.516678,25.021911],[121.516609,25.022003],[121.516567,25.022089],[121.516509,25.022259],[121.516428,25.022531]]},"properties":{"name":"水源車行地下道","highway":"trunk","elevated":false}},{"type":"Feature","geometry":{"type":"LineString","coordinates":[[121.516508,25.022028],[121.516562,25.021929],[121.516621,25.02185],[121.516703,25.021763],[121.516797,25.021687],[121.516891,25.021626],[121.517004,25.021572]]},"properties":{"name":"水源車行地下道","highway":"trunk","elevated":false}},{"type":"Feature","geometry":{"type":"LineString","coordinates":[[121.535278,25.010607],[121.535178,25.010546],[121.534892,25.010367],[121.534628,25.010191],[121.534208,25.009899],[121.534091,25.009855]]},"properties":{"name":"基隆路高架道路","highway":"trunk","elevated":true}},{"type":"Feature","geometry":{"type":"LineString","coordinates":[[121.612389,25.062443],[121.612436,25.06253],[121.612586,25.062697],[121.612846,25.062981],[121.613033,25.063137],[121.613208,25.063248],[121.613339,25.063327],[121.613531,25.063408],[121.613732,25.063465],[121.613914,25.063502],[121.614104,25.063524],[121.61435,25.06353],[121.614619,25.063509]]},"properties":{"name":"環東大道","highway":"trunk","elevated":false}},{"type":"Feature","geometry":{"type":"LineString","coordinates":[[121.592347,25.059965],[121.591888,25.060209],[121.591741,25.060336],[121.591634,25.060453],[121.591488,25.060652],[121.591304,25.060926],[121.591148,25.061099],[121.590964,25.061266],[121.590705,25.061416],[121.590474,25.0615],[121.590233,25.061554],[121.589979,25.061568],[121.589728,25.06155],[121.589463,25.061493],[121.589191,25.061388],[121.587627,25.060495],[121.585956,25.059632]]},"properties":{"name":"環東大道","highway":"trunk","elevated":true}},{"type":"Feature","geometry":{"type":"LineString","coordinates":[[121.593874,25.05924],[121.593043,25.059623],[121.592347,25.059965]]},"properties":{"name":"環東大道","highway":"trunk","elevated":true}},{"type":"Feature","geometry":{"type":"LineString","coordinates":[[121.587961,25.060571],[121.588632,25.060993],[121.589102,25.061282],[121.58934,25.061411],[121.589594,25.061498],[121.589795,25.061532],[121.589975,25.061536],[121.590174,25.061526],[121.590277,25.061516],[121.590343,25.061505],[121.5904,25.061491],[121.590461,25.061474],[121.590631,25.06142],[121.590784,25.061352],[121.590931,25.061276],[121.591014,25.061217],[121.591118,25.06113],[121.591214,25.061027],[121.591312,25.060918],[121.591493,25.060643],[121.59163,25.060455],[121.59173,25.060342],[121.591909,25.060196],[121.592141,25.060068],[121.592345,25.059962]]},"properties":{"name":"環東大道","highway":"trunk","elevated":true}},{"type":"Feature","geometry":{"type":"LineString","coordinates":[[121.592345,25.059962],[121.592732,25.059775],[121.592987,25.059654],[121.59307,25.059609],[121.59387,25.059238]]},"properties":{"name":"環東大道","highway":"trunk","elevated":true}},{"type":"Feature","geometry":{"type":"LineString","coordinates":[[121.567367,25.046125],[121.567272,25.046013],[121.56717,25.045922],[121.567063,25.045825],[121.566985,25.045762],[121.566891,25.045696],[121.566791,25.045637],[121.566597,25.045549],[121.565069,25.044979],[121.564934,25.044938],[121.564748,25.044892],[121.564569,25.044844],[121.564435,25.044834],[121.564301,25.044835],[121.564,25.044854],[121.563706,25.044898],[121.563364,25.044958]]},"properties":{"name":"市民大道高架道路","highway":"trunk","elevated":true}},{"type":"Feature","geometry":{"type":"LineString","coordinates":[[121.570123,25.052607],[121.570257,25.0518],[121.570279,25.051576],[121.570273,25.051316],[121.570235,25.051104],[121.57017,25.050885],[121.570049,25.050623],[121.569844,25.050271],[121.569725,25.04998]]},"properties":{"name":"麥帥二橋","highway":"trunk","elevated":true}},{"type":"Feature","geometry":{"type":"LineString","coordinates":[[121.563087,25.04492],[121.563245,25.044892],[121.563583,25.044836],[121.563914,25.044787],[121.564255,25.044753],[121.564609,25.044748],[121.564774,25.044747],[121.564843,25.044754],[121.564921,25.044772],[121.564983,25.044789],[121.565049,25.044812],[121.566581,25.045361]]},"properties":{"name":"市民大道高架道路","highway":"trunk","elevated":true}},{"type":"Feature","geometry":{"type":"LineString","coordinates":[[121.545346,25.044987],[121.545787,25.04503],[121.545963,25.045045],[121.546182,25.045054],[121.546386,25.045057],[121.546605,25.045051],[121.546969,25.045033],[121.547889,25.044937],[121.549845,25.044709],[121.551364,25.044515]]},"properties":{"name":"市民大道高架道路","highway":"trunk","elevated":true}},{"type":"Feature","geometry":{"type":"LineString","coordinates":[[121.571253,25.051604],[121.572212,25.052116]]},"properties":{"name":"麥帥一橋","highway":"trunk","elevated":true}},{"type":"Feature","geometry":{"type":"LineString","coordinates":[[121.507624,25.050523],[121.50993,25.05018],[121.510368,25.050122]]},"properties":{"name":"市民大道高架道路","highway":"trunk","elevated":true}},{"type":"Feature","geometry":{"type":"LineString","coordinates":[[121.560782,25.084423],[121.560692,25.084519]]},"properties":{"name":"堤頂大道二段","highway":"trunk","elevated":false}},{"type":"Feature","geometry":{"type":"LineString","coordinates":[[121.57253,25.07433],[121.572352,25.074566]]},"properties":{"name":"堤頂大道一段","highway":"trunk","elevated":false}},{"type":"Feature","geometry":{"type":"LineString","coordinates":[[121.615352,25.032376],[121.61827,25.034072]]},"properties":{"name":"福爾摩沙高速公路","highway":"motorway","elevated":false}},{"type":"Feature","geometry":{"type":"LineString","coordinates":[[121.572255,25.074524],[121.572549,25.074028],[121.572655,25.073815],[121.572866,25.073331],[121.57293,25.07313],[121.573002,25.072858],[121.573026,25.072737]]},"properties":{"name":"堤頂大道一段","highway":"trunk","elevated":false}},{"type":"Feature","geometry":{"type":"LineString","coordinates":[[121.572299,25.074644],[121.572254,25.07471],[121.571572,25.075729],[121.571242,25.076179],[121.571154,25.076298],[121.570913,25.076544],[121.570527,25.076837],[121.570242,25.076978],[121.569848,25.07711],[121.569228,25.077277],[121.568717,25.077437]]},"properties":{"name":"堤頂大道二段","highway":"trunk","elevated":false}},{"type":"Feature","geometry":{"type":"LineString","coordinates":[[121.582925,24.978928],[121.582838,24.978883]]},"properties":{"name":"福爾摩沙高速公路","highway":"motorway","elevated":false}},{"type":"Feature","geometry":{"type":"LineString","coordinates":[[121.582547,24.97823],[121.582597,24.978252],[121.582949,24.978437]]},"properties":{"name":"福爾摩沙高速公路","highway":"motorway","elevated":false}},{"type":"Feature","geometry":{"type":"LineString","coordinates":[[121.581547,24.978255],[121.581247,24.978115],[121.581007,24.978006]]},"properties":{"name":"福爾摩沙高速公路","highway":"motorway","elevated":false}},{"type":"Feature","geometry":{"type":"LineString","coordinates":[[121.581217,24.977618],[121.581395,24.97769],[121.581572,24.977769]]},"properties":{"name":"福爾摩沙高速公路","highway":"motorway","elevated":false}},{"type":"Feature","geometry":{"type":"LineString","coordinates":[[121.488721,25.028348],[121.488865,25.028017],[121.489155,25.027444]]},"properties":{"name":"環河快速道路","highway":"trunk","elevated":false}},{"type":"Feature","geometry":{"type":"LineString","coordinates":[[121.597395,25.001879],[121.597134,25.001881]]},"properties":{"name":"台北聯絡線","highway":"motorway","elevated":false}},{"type":"Feature","geometry":{"type":"LineString","coordinates":[[121.564352,25.078814],[121.564282,25.078855]]},"properties":{"name":"堤頂大道二段","highway":"trunk","elevated":false}},{"type":"Feature","geometry":{"type":"LineString","coordinates":[[121.548877,25.021086],[121.549171,25.021373],[121.549639,25.021775],[121.550089,25.022195]]},"properties":{"name":"基隆路高架道路","highway":"trunk","elevated":true}},{"type":"Feature","geometry":{"type":"LineString","coordinates":[[121.548877,25.021086],[121.548662,25.020951]]},"properties":{"name":"基隆路高架道路","highway":"trunk","elevated":true}},{"type":"Feature","geometry":{"type":"LineString","coordinates":[[121.545951,25.018509],[121.54699,25.019331],[121.547417,25.019702],[121.547854,25.020084],[121.548347,25.020537],[121.548691,25.020897],[121.548877,25.021086]]},"properties":{"name":"基隆路高架道路","highway":"trunk","elevated":true}},{"type":"Feature","geometry":{"type":"LineString","coordinates":[[121.548662,25.020951],[121.548,25.02039],[121.546881,25.019429],[121.545845,25.018572]]},"properties":{"name":"基隆路高架道路","highway":"trunk","elevated":true}},{"type":"Feature","geometry":{"type":"LineString","coordinates":[[121.545845,25.018572],[121.545039,25.01792],[121.542817,25.016049]]},"properties":{"name":"基隆路高架道路","highway":"trunk","elevated":true}},{"type":"Feature","geometry":{"type":"LineString","coordinates":[[121.537609,25.023342],[121.537613,25.023203],[121.537636,25.023068],[121.537673,25.022922],[121.537684,25.022878]]},"properties":{"name":"建國快速道路","highway":"trunk","elevated":false}},{"type":"Feature","geometry":{"type":"LineString","coordinates":[[121.537763,25.022628],[121.537797,25.022561]]},"properties":{"name":"建國快速道路","highway":"trunk","elevated":false}},{"type":"Feature","geometry":{"type":"LineString","coordinates":[[121.537697,25.022821],[121.537763,25.022628]]},"properties":{"name":"建國快速道路","highway":"trunk","elevated":false}},{"type":"Feature","geometry":{"type":"LineString","coordinates":[[121.537684,25.022878],[121.537697,25.022821]]},"properties":{"name":"建國快速道路","highway":"trunk","elevated":false}},{"type":"Feature","geometry":{"type":"LineString","coordinates":[[121.537801,25.022894],[121.537742,25.023062],[121.537699,25.023212],[121.537679,25.023375],[121.537676,25.023589],[121.537707,25.024869]]},"properties":{"name":"建國快速道路","highway":"trunk","elevated":false}},{"type":"Feature","geometry":{"type":"LineString","coordinates":[[121.537819,25.022844],[121.537801,25.022894]]},"properties":{"name":"建國快速道路","highway":"trunk","elevated":false}},{"type":"Feature","geometry":{"type":"LineString","coordinates":[[121.537884,25.022675],[121.537834,25.022806],[121.537819,25.022844]]},"properties":{"name":"建國快速道路","highway":"trunk","elevated":false}},{"type":"Feature","geometry":{"type":"LineString","coordinates":[[121.512257,25.024098],[121.512189,25.024068],[121.512128,25.02403],[121.511769,25.023746],[121.51165,25.02367],[121.511528,25.023613],[121.511423,25.023569],[121.508916,25.022891]]},"properties":{"name":"水源快速道路","highway":"trunk","elevated":false}}]}