{"type":"FeatureCollection","features":[{"type":"Feature","geometry":{"type":"MultiLineString","coordinates":[[[121.621245,25.053699],[121.621313,25.053977],[121.621373,25.054182],[121.621448,25.054381],[121.621559,25.054628],[121.621811,25.055107],[121.622115,25.055655],[121.622226,25.055882],[121.62233,25.056265]]]},"properties":{"id":"r840071088","title":"未知道路 其他","name":null,"kind":"其他","dir":null,"surface":[],"road":[],"from":[],"to":[],"lanes":1,"destination":null,"layer":"2","point":[121.621245,25.053699],"ways":[840071088]}},{"type":"Feature","geometry":{"type":"MultiLineString","coordinates":[[[121.556269,25.044802],[121.556702,25.044778]]]},"properties":{"id":"r313680582","title":"未知道路 其他（光復南路72巷23弄）","name":null,"kind":"其他","dir":null,"surface":["光復南路72巷23弄"],"road":[],"from":[],"to":[],"lanes":1,"destination":null,"layer":null,"point":[121.556269,25.044802],"ways":[313680582]}},{"type":"Feature","geometry":{"type":"MultiLineString","coordinates":[[[121.49619,25.015887],[121.496419,25.015977],[121.496655,25.016044]]]},"properties":{"id":"r770851573","title":"未知道路 其他（果菜市場）","name":null,"kind":"其他","dir":null,"surface":[],"road":[],"from":[],"to":[],"lanes":1,"destination":"果菜市場","layer":"2","point":[121.49619,25.015887],"ways":[770851573]}},{"type":"Feature","geometry":{"type":"MultiLineString","coordinates":[[[121.513801,25.077935],[121.513712,25.077417],[121.513691,25.077367],[121.513659,25.077288],[121.513575,25.077209],[121.513468,25.077153],[121.513365,25.077115],[121.513263,25.077092],[121.513153,25.07709],[121.513038,25.077117],[121.512931,25.077165],[121.512834,25.077233],[121.51277,25.07733],[121.512759,25.077437],[121.512781,25.07755],[121.512856,25.077644],[121.512959,25.077701],[121.513143,25.077747],[121.513536,25.077781]]]},"properties":{"id":"r49164270","title":"未知道路 其他（重慶北路三段）","name":"台北交流道","kind":"其他","dir":null,"surface":["重慶北路三段"],"road":[],"from":[],"to":[],"lanes":null,"destination":null,"layer":null,"point":[121.513801,25.077935],"ways":[49164270]}},{"type":"Feature","geometry":{"type":"MultiLineString","coordinates":[[[121.491024,25.03572],[121.491359,25.036175]]]},"properties":{"id":"r52797995","title":"未知道路 其他（桂林路246巷）","name":null,"kind":"其他","dir":null,"surface":["桂林路246巷"],"road":[],"from":[],"to":[],"lanes":null,"destination":null,"layer":null,"point":[121.491024,25.03572],"ways":[52797995]}},{"type":"Feature","geometry":{"type":"MultiLineString","coordinates":[[[121.508786,25.0768],[121.508874,25.076413],[121.508898,25.076377],[121.508934,25.076348],[121.508981,25.076323],[121.50905,25.076308],[121.509116,25.076311],[121.509179,25.076333],[121.509218,25.076361],[121.509264,25.076402],[121.509311,25.07647],[121.509349,25.076542],[121.509366,25.076607],[121.509375,25.076666],[121.509378,25.076715],[121.509378,25.076768],[121.50936,25.076851],[121.509311,25.076968],[121.509268,25.077055],[121.509136,25.077268]]]},"properties":{"id":"r50893511","title":"未知道路 其他（敦煌路）","name":"環北交流道","kind":"其他","dir":null,"surface":["敦煌路"],"road":[],"from":[],"to":[],"lanes":1,"destination":null,"layer":null,"point":[121.508786,25.0768],"ways":[50893511]}},{"type":"Feature","geometry":{"type":"MultiLineString","coordinates":[[[121.542056,25.072833],[121.542064,25.07271],[121.542051,25.072646],[121.542031,25.072618],[121.542006,25.072583],[121.541999,25.072574],[121.541905,25.072537]]]},"properties":{"id":"r1069281615","title":"未知道路 其他（濱江街）","name":"圓山交流道","kind":"其他","dir":null,"surface":["濱江街"],"road":[],"from":[],"to":[],"lanes":1,"destination":"濱江街","layer":null,"point":[121.542056,25.072833],"ways":[1069281615]}},{"type":"Feature","geometry":{"type":"MultiLineString","coordinates":[[[121.531931,25.07236],[121.532035,25.072251],[121.532189,25.072143],[121.532388,25.071964],[121.532531,25.071808],[121.532699,25.071614],[121.532838,25.071409],[121.53298,25.071152],[121.533033,25.071037],[121.533069,25.070927],[121.533124,25.070756],[121.533176,25.070489],[121.533176,25.070404],[121.533165,25.070313]],[[121.532962,25.07327],[121.533071,25.073104],[121.533202,25.072811],[121.533293,25.072471],[121.533333,25.072216],[121.533337,25.071904],[121.533342,25.07056],[121.533315,25.070408]],[[121.53016,25.073263],[121.530325,25.073158],[121.530971,25.072886],[121.531334,25.072693],[121.531663,25.072523],[121.531931,25.07236]],[[121.532158,25.073814],[121.532317,25.073759],[121.532488,25.073679],[121.53272,25.07355],[121.532852,25.073416],[121.532962,25.07327]],[[121.532494,25.072743],[121.532278,25.072812],[121.531974,25.072894],[121.531761,25.072984],[121.531606,25.073098],[121.53151,25.073233],[121.531468,25.073361],[121.53147,25.073482],[121.531534,25.073635],[121.531676,25.073775],[121.531844,25.073826],[121.531987,25.073839],[121.532158,25.073814]],[[121.531931,25.07236],[121.532009,25.072338],[121.532345,25.072117],[121.532618,25.071892],[121.532878,25.071632],[121.533055,25.071367],[121.533158,25.071141],[121.533249,25.07085],[121.533286,25.070568],[121.533315,25.070408]],[[121.533315,25.070408],[121.533294,25.0702]]]},"properties":{"id":"r49074696","title":"國道1號 → 建國高架（東向）","name":"圓山交流道","kind":"系統","dir":"東向","surface":["松江路"],"road":["中山高速公路","建國快速道路"],"from":["中山高速公路"],"to":["建國快速道路"],"lanes":2,"destination":"建國北路","layer":null,"point":[121.53016,25.073263],"ways":[49074696,49074705,49074706,49074713,49074714,302246989,668037875]}},{"type":"Feature","geometry":{"type":"MultiLineString","coordinates":[[[121.610952,25.065679],[121.610866,25.06567],[121.610732,25.065642],[121.609918,25.065518],[121.609738,25.06548],[121.609209,25.065305],[121.608725,25.065162],[121.607972,25.064986]]]},"properties":{"id":"r28727304","title":"國道1號 西向入口","name":"東湖交流道","kind":"入口","dir":"西向","surface":[],"road":["中山高速公路"],"from":[],"to":["中山高速公路"],"lanes":1,"destination":null,"layer":null,"point":[121.610952,25.065679],"ways":[28727304]}},{"type":"Feature","geometry":{"type":"MultiLineString","coordinates":[[[121.590305,25.065324],[121.589169,25.065625]],[[121.589169,25.065625],[121.58721,25.066221]]]},"properties":{"id":"r160435108","title":"國道1號 西向入口（成功路二段238巷）","name":"內湖交流道","kind":"入口","dir":"西向","surface":["成功路二段238巷"],"road":["中山高速公路"],"from":[],"to":["中山高速公路"],"lanes":2,"destination":null,"layer":"1","point":[121.590305,25.065324],"ways":[160435108,1080921419]}},{"type":"Feature","geometry":{"type":"MultiLineString","coordinates":[[[121.599949,25.063986],[121.599749,25.064017],[121.599241,25.063996],[121.598863,25.063993]],[[121.592276,25.062666],[121.592047,25.062662],[121.591973,25.062672],[121.59187,25.062702],[121.591794,25.062746],[121.591672,25.062827],[121.591549,25.062891],[121.591466,25.062927],[121.591337,25.06296],[121.591155,25.062987],[121.591105,25.063004],[121.591018,25.063054],[121.590946,25.063118]],[[121.598863,25.063993],[121.598438,25.064027],[121.598153,25.064072],[121.597558,25.064182],[121.597217,25.064218],[121.596914,25.064212],[121.596594,25.064152],[121.596325,25.064062],[121.595094,25.063531]],[[121.595094,25.063531],[121.594773,25.063407],[121.594413,25.063281],[121.59406,25.063169],[121.593721,25.063074],[121.592276,25.062666]],[[121.590946,25.063118],[121.590853,25.06325]],[[121.592276,25.062666],[121.591933,25.062564],[121.59172,25.062498],[121.591427,25.062391],[121.591262,25.062333]]]},"properties":{"id":"r159119612","title":"國道1號 西向出口（成功路二段）","name":"內湖交流道","kind":"出口","dir":"西向","surface":["成功路二段"],"road":["中山高速公路"],"from":["中山高速公路"],"to":[],"lanes":2,"destination":"南京東路","layer":"2","point":[121.599949,25.063986],"ways":[159119612,159119651,552375502,1074594860,1074594871,1074594873]}},{"type":"Feature","geometry":{"type":"MultiLineString","coordinates":[[[121.594359,25.064009],[121.594105,25.064108],[121.593683,25.064197],[121.593158,25.064346],[121.591962,25.064788]],[[121.591506,25.064945],[121.59087,25.065163]],[[121.591962,25.064788],[121.591506,25.064945]]]},"properties":{"id":"r160435107","title":"國道1號 西向出口（成功路二段115巷）","name":"內湖交流道","kind":"出口","dir":"西向","surface":["成功路二段115巷"],"road":["中山高速公路"],"from":["中山高速公路"],"to":[],"lanes":3,"destination":"成功路","layer":"1","point":[121.594359,25.064009],"ways":[160435107,522085830,1509722672]}},{"type":"Feature","geometry":{"type":"MultiLineString","coordinates":[[[121.515384,25.077962],[121.515109,25.078049],[121.514893,25.078133],[121.514626,25.078309],[121.51442,25.078522],[121.514272,25.078738],[121.514103,25.079032],[121.513767,25.079882],[121.513662,25.08009]],[[121.515892,25.07785],[121.515384,25.077962]],[[121.516277,25.077728],[121.515892,25.07785]]]},"properties":{"id":"r49164259","title":"國道1號 西向出口（重慶北路四段）","name":"台北交流道","kind":"出口","dir":"西向","surface":["重慶北路四段"],"road":["中山高速公路"],"from":["中山高速公路"],"to":[],"lanes":null,"destination":"士林","layer":"1","point":[121.516277,25.077728],"ways":[49164259,49164268,49164283]}},{"type":"Feature","geometry":{"type":"MultiLineString","coordinates":[[[121.513222,25.078243],[121.513051,25.078317],[121.512926,25.078386],[121.512828,25.078473],[121.512764,25.078569],[121.51273,25.078687],[121.512727,25.078802],[121.512761,25.078922],[121.512833,25.07902],[121.512915,25.079093],[121.513023,25.079144],[121.513173,25.079169],[121.513279,25.079168],[121.513417,25.079121],[121.513516,25.079058],[121.513594,25.078968],[121.513673,25.078845],[121.513723,25.078687],[121.513746,25.078411],[121.513803,25.078154]],[[121.514594,25.077967],[121.513431,25.078184],[121.513222,25.078243]]]},"properties":{"id":"r49164265","title":"國道1號 西向出口（重慶北路四段）","name":"台北交流道","kind":"出口","dir":"西向","surface":["重慶北路四段"],"road":["中山高速公路"],"from":["中山高速公路"],"to":[],"lanes":null,"destination":"台北市區","layer":"1","point":[121.514594,25.077967],"ways":[49164265,447485172]}},{"type":"Feature","geometry":{"type":"MultiLineString","coordinates":[[[121.590904,25.064253],[121.591258,25.064176],[121.591546,25.064135],[121.591898,25.064092],[121.593075,25.063986],[121.593987,25.063893],[121.59426,25.063908]]]},"properties":{"id":"r160435113","title":"國道1號 東向入口（成功路二段）","name":"內湖交流道","kind":"入口","dir":"東向","surface":["成功路二段"],"road":["中山高速公路"],"from":[],"to":["中山高速公路"],"lanes":1,"destination":null,"layer":null,"point":[121.590904,25.064253],"ways":[160435113]}},{"type":"Feature","geometry":{"type":"MultiLineString","coordinates":[[[121.591574,25.062345],[121.591639,25.062397],[121.592275,25.062604],[121.593587,25.062998],[121.594127,25.063115],[121.594988,25.063265],[121.596497,25.063458],[121.598877,25.063722],[121.599096,25.063796]]]},"properties":{"id":"r159614714","title":"國道1號 東向入口（南京東路六段）","name":"內湖交流道","kind":"入口","dir":"東向","surface":["南京東路六段"],"road":["中山高速公路"],"from":[],"to":["中山高速公路"],"lanes":1,"destination":null,"layer":null,"point":[121.591574,25.062345],"ways":[159614714]}},{"type":"Feature","geometry":{"type":"MultiLineString","coordinates":[[[121.587236,25.066029],[121.587545,25.065821]],[[121.587947,25.065626],[121.588752,25.065211],[121.589515,25.0648],[121.589877,25.064618],[121.590213,25.064444]],[[121.587545,25.065821],[121.587947,25.065626]]]},"properties":{"id":"r160435109","title":"國道1號 東向出口（成功路二段）","name":"內湖交流道","kind":"出口","dir":"東向","surface":["成功路二段"],"road":["中山高速公路"],"from":["中山高速公路"],"to":[],"lanes":2,"destination":"成功路","layer":"1","point":[121.587236,25.066029],"ways":[160435109,764019413,764019414]}},{"type":"Feature","geometry":{"type":"MultiLineString","coordinates":[[[121.608516,25.064924],[121.60888,25.064888],[121.609888,25.06486]],[[121.609888,25.06486],[121.610094,25.064873],[121.610254,25.064894],[121.610456,25.064915],[121.610503,25.064921],[121.610562,25.064919]],[[121.610562,25.064919],[121.610789,25.064939],[121.610889,25.06495]]]},"properties":{"id":"r28727306","title":"國道1號 東向出口（南湖大橋）","name":"東湖交流道","kind":"出口","dir":"東向","surface":["南湖大橋"],"road":["中山高速公路"],"from":["中山高速公路"],"to":[],"lanes":2,"destination":"康寧路","layer":null,"point":[121.608516,25.064924],"ways":[28727306,552375506,913201664]}},{"type":"Feature","geometry":{"type":"MultiLineString","coordinates":[[[121.537632,25.073024],[121.537945,25.072975],[121.538525,25.07303],[121.539147,25.073073],[121.539799,25.073099],[121.540421,25.073107]],[[121.540421,25.073107],[121.54116,25.073097],[121.541625,25.073061],[121.541758,25.073031],[121.541912,25.072961],[121.542056,25.072833],[121.542177,25.072674],[121.542203,25.072639],[121.54223,25.0726]],[[121.54223,25.0726],[121.54225,25.072571],[121.542301,25.072498]]]},"properties":{"id":"r137317900","title":"國道1號 東向出口（濱江街）","name":"圓山交流道","kind":"出口","dir":"東向","surface":["濱江街"],"road":["中山高速公路"],"from":["中山高速公路"],"to":[],"lanes":2,"destination":"濱江街","layer":"4","point":[121.537632,25.073024],"ways":[137317900,137317901,779271026]}},{"type":"Feature","geometry":{"type":"MultiLineString","coordinates":[[[121.515338,25.077592],[121.515845,25.077523]],[[121.515845,25.077523],[121.516464,25.077426],[121.517396,25.07726]],[[121.514319,25.079334],[121.514036,25.0794],[121.513811,25.079424],[121.513532,25.07942],[121.513264,25.07939]],[[121.513264,25.07939],[121.512965,25.079307]],[[121.513592,25.077776],[121.514243,25.077709]],[[121.511054,25.077797],[121.512845,25.07701],[121.512934,25.076984],[121.513019,25.076966],[121.513264,25.076936],[121.513395,25.07691]],[[121.514243,25.077709],[121.514432,25.077703],[121.515338,25.077592]],[[121.514243,25.077709],[121.514464,25.077632],[121.514732,25.077524],[121.514852,25.077408],[121.514897,25.0773],[121.514911,25.077209],[121.514896,25.077084],[121.514841,25.07699],[121.514766,25.076912],[121.514669,25.076854],[121.514555,25.076824],[121.514422,25.076825],[121.514302,25.076859],[121.514209,25.076919],[121.514115,25.077045],[121.514066,25.077156],[121.514043,25.077271],[121.514026,25.077396],[121.513983,25.077562]],[[121.514377,25.076494],[121.514507,25.076598],[121.514679,25.076687],[121.51498,25.076845],[121.515245,25.077038],[121.515413,25.077244],[121.5155,25.077424],[121.515542,25.077644],[121.515567,25.077786],[121.515578,25.078016],[121.515546,25.078191],[121.515466,25.078412],[121.515389,25.078544],[121.515303,25.078672],[121.515194,25.078802],[121.51508,25.07891],[121.514889,25.079059],[121.514627,25.079207],[121.514319,25.079334]],[[121.513292,25.080368],[121.513374,25.079958],[121.513359,25.079867],[121.513315,25.079757],[121.513224,25.079656],[121.512736,25.079354]],[[121.509348,25.078118],[121.510099,25.078049],[121.510539,25.077962],[121.511054,25.077797]],[[121.513927,25.075706],[121.513996,25.076029],[121.514042,25.076165],[121.514133,25.076299],[121.51423,25.076389],[121.514377,25.076494]],[[121.512845,25.077787],[121.513099,25.077824],[121.513349,25.077814],[121.513536,25.077781],[121.513592,25.077776]],[[121.511054,25.077797],[121.511408,25.07768],[121.511751,25.077603],[121.51203,25.077593],[121.512287,25.077632],[121.512523,25.0777],[121.512845,25.077787]],[[121.512965,25.079307],[121.512636,25.079166],[121.511992,25.078816],[121.511654,25.078673],[121.511461,25.078613]],[[121.512736,25.079354],[121.511895,25.078858],[121.511628,25.078718],[121.511461,25.078613]],[[121.510968,25.078438],[121.510667,25.07839],[121.510206,25.078331],[121.509348,25.078281]],[[121.513395,25.07691],[121.513514,25.076861],[121.513631,25.07676],[121.513696,25.076654],[121.513725,25.076572],[121.513814,25.076323]],[[121.515785,25.077058],[121.516151,25.077169],[121.516543,25.07724],[121.517034,25.077266],[121.517396,25.07726]],[[121.511461,25.078613],[121.510968,25.078438]],[[121.517396,25.07726],[121.519023,25.076971],[121.519418,25.076944]],[[121.515697,25.077026],[121.515785,25.077058]],[[121.514377,25.076494],[121.514573,25.076569],[121.515697,25.077026]]]},"properties":{"id":"r49164254","title":"國道1號／淡水河橋 → 淡水河橋／國道1號（東向）","name":"台北交流道","kind":"系統","dir":"東向","surface":["重慶北路四段","重慶北路三段"],"road":["中山高速公路","淡水河橋"],"from":["中山高速公路","淡水河橋"],"to":["淡水河橋","中山高速公路"],"lanes":4,"destination":"桃園","layer":"1","point":[121.509348,25.078118],"ways":[49164254,49164255,49164256,49164257,49164267,49164271,49164274,49164276,49164279,49164281,49164289,49164291,50893499,50893500,50893502,50893503,50893504,50893507,199239739,242614245,857513614,1465081240,1465081241]}},{"type":"Feature","geometry":{"type":"MultiLineString","coordinates":[[[121.522737,25.020304],[121.522723,25.020254],[121.522724,25.020224],[121.522739,25.020155],[121.522767,25.020078],[121.523877,25.018347],[121.523971,25.018123]]]},"properties":{"id":"r302089868","title":"水源快速道路 → 水源快速道路（西向）","name":"水源快速道路師大路入口","kind":"系統","dir":"西向","surface":["師大路"],"road":["水源快速道路"],"from":["水源快速道路"],"to":["水源快速道路"],"lanes":1,"destination":null,"layer":"3","point":[121.522737,25.020304],"ways":[302089868]}},{"type":"Feature","geometry":{"type":"MultiLineString","coordinates":[[[121.534173,25.006032],[121.534083,25.00635],[121.534027,25.006564],[121.533975,25.006873],[121.534101,25.009085],[121.534135,25.009355],[121.534202,25.009514],[121.534256,25.009595],[121.534318,25.009673],[121.534432,25.009764],[121.534561,25.009843],[121.534682,25.009932]]]},"properties":{"id":"r238689673","title":"水源快速道路 → 基隆路高架（北向）","name":null,"kind":"系統","dir":"北向","surface":[],"road":["水源快速道路","基隆路高架道路"],"from":["水源快速道路"],"to":["基隆路高架道路"],"lanes":null,"destination":null,"layer":"2","point":[121.534173,25.006032],"ways":[238689673]}},{"type":"Feature","geometry":{"type":"MultiLineString","coordinates":[[[121.536698,24.998217],[121.536042,24.998492]],[[121.536042,24.998492],[121.535728,24.998624],[121.535646,24.998668],[121.535571,24.99872],[121.535519,24.998771],[121.535472,24.998832],[121.53541,24.998937],[121.535375,24.999025],[121.535343,24.999121]],[[121.536823,24.998164],[121.536698,24.998217]]]},"properties":{"id":"r198876031","title":"水源快速道路 北向入口（羅斯福路六段142巷）","name":"水源快速道路","kind":"入口","dir":"北向","surface":["羅斯福路六段142巷"],"road":["水源快速道路"],"from":[],"to":["水源快速道路"],"lanes":1,"destination":"基隆路;士林;萬華","layer":"2","point":[121.536823,24.998164],"ways":[198876031,309933798,1028462000]}},{"type":"Feature","geometry":{"type":"MultiLineString","coordinates":[[[121.522549,25.020434],[121.522484,25.020412],[121.522446,25.020402],[121.522394,25.020395]]]},"properties":{"id":"r1226878862","title":"水源快速道路 西向入口（水源路）","name":null,"kind":"入口","dir":"西向","surface":["水源路"],"road":["水源快速道路"],"from":[],"to":["水源快速道路"],"lanes":1,"destination":null,"layer":null,"point":[121.522549,25.020434],"ways":[1226878862]}},{"type":"Feature","geometry":{"type":"MultiLineString","coordinates":[[[121.499257,25.016936],[121.49898,25.016855],[121.498452,25.016648]],[[121.498452,25.016648],[121.497789,25.016449],[121.497492,25.016413],[121.497226,25.016398],[121.496926,25.0164],[121.496666,25.01643],[121.496435,25.016473],[121.496126,25.016557],[121.495994,25.016601],[121.495947,25.016617],[121.495819,25.016669]]]},"properties":{"id":"r229771737","title":"水源快速道路 西向出口（水源路）","name":"水源快速道路(萬大路引道)","kind":"出口","dir":"西向","surface":["水源路"],"road":["水源快速道路"],"from":["水源快速道路"],"to":[],"lanes":null,"destination":"萬大路;環河南路","layer":"2","point":[121.499257,25.016936],"ways":[229771737,713597833]}},{"type":"Feature","geometry":{"type":"MultiLineString","coordinates":[[[121.499249,25.016748],[121.499424,25.016883],[121.499536,25.017029]],[[121.498879,25.016539],[121.49911,25.016663],[121.499249,25.016748]],[[121.49804,25.016133],[121.498108,25.016232],[121.498193,25.016282],[121.49841,25.016354],[121.498879,25.016539]]]},"properties":{"id":"r302126383","title":"水源快速道路 東向入口","name":null,"kind":"入口","dir":"東向","surface":[],"road":["水源快速道路"],"from":[],"to":["水源快速道路"],"lanes":null,"destination":null,"layer":"2","point":[121.49804,25.016133],"ways":[302126383,302126384,302126387]}},{"type":"Feature","geometry":{"type":"MultiLineString","coordinates":[[[121.501788,25.018648],[121.501903,25.018656]]]},"properties":{"id":"r713597831","title":"水源快速道路 東向入口","name":null,"kind":"入口","dir":"東向","surface":[],"road":["水源快速道路"],"from":[],"to":["水源快速道路"],"lanes":1,"destination":null,"layer":"2","point":[121.501788,25.018648],"ways":[713597831]}},{"type":"Feature","geometry":{"type":"MultiLineString","coordinates":[[[121.516827,25.02157],[121.51699,25.021524],[121.517604,25.021348],[121.518134,25.021198],[121.518333,25.021151]],[[121.518333,25.021151],[121.518539,25.021139]],[[121.515619,25.020686],[121.515718,25.020868],[121.515789,25.021005],[121.515865,25.021133],[121.515944,25.021281],[121.516035,25.021417],[121.516095,25.021479],[121.516172,25.021532],[121.51625,25.021569],[121.51633,25.021596],[121.516427,25.021611],[121.516533,25.021618],[121.516622,25.021613],[121.516714,25.021598],[121.516827,25.02157]]]},"properties":{"id":"r244450390","title":"水源快速道路 東向入口（中正橋）","name":null,"kind":"入口","dir":"東向","surface":["中正橋"],"road":["水源快速道路"],"from":[],"to":["水源快速道路"],"lanes":1,"destination":null,"layer":"1","point":[121.515619,25.020686],"ways":[244450390,713597829,911137595]}},{"type":"Feature","geometry":{"type":"MultiLineString","coordinates":[[[121.49551,25.013861],[121.495561,25.014076],[121.495583,25.014228],[121.495614,25.014871]],[[121.500549,25.017481],[121.501134,25.018128]],[[121.495614,25.014871],[121.495631,25.015086],[121.495645,25.015203],[121.495671,25.015315],[121.495721,25.015431],[121.495781,25.015545],[121.495848,25.015635],[121.495931,25.01572],[121.496048,25.015804],[121.49619,25.015887],[121.496448,25.015948],[121.496689,25.015983],[121.497444,25.016052],[121.497801,25.016105],[121.498168,25.016196],[121.498492,25.016292],[121.498994,25.016476],[121.499302,25.016598],[121.49952,25.016702],[121.49983,25.016876],[121.50011,25.01707],[121.500355,25.017282],[121.500549,25.017481]]]},"properties":{"id":"r770851572","title":"水源快速道路 東向入口（華中橋）","name":null,"kind":"入口","dir":"東向","surface":["華中橋"],"road":["水源快速道路"],"from":[],"to":["水源快速道路"],"lanes":1,"destination":"水源快速道路;景美;新店","layer":"2","point":[121.49551,25.013861],"ways":[770851572,770851574,846484039]}},{"type":"Feature","geometry":{"type":"MultiLineString","coordinates":[[[121.515388,25.023725],[121.51583,25.023425],[121.515943,25.023333],[121.516016,25.023245]],[[121.516016,25.023245],[121.516074,25.023138],[121.516114,25.023026],[121.516208,25.022706]],[[121.516208,25.022706],[121.516229,25.02256],[121.516216,25.022385],[121.516156,25.022195],[121.516063,25.022009],[121.51596,25.021835],[121.515849,25.021648],[121.515761,25.021501],[121.515693,25.021375],[121.515613,25.02122],[121.51556,25.021074],[121.515522,25.020908],[121.5155,25.02071]]]},"properties":{"id":"r244450350","title":"水源快速道路 東向出口","name":null,"kind":"出口","dir":"東向","surface":[],"road":["水源快速道路"],"from":["水源快速道路"],"to":[],"lanes":1,"destination":null,"layer":"2","point":[121.515388,25.023725],"ways":[244450350,911137598,1103263448]}},{"type":"Feature","geometry":{"type":"MultiLineString","coordinates":[[[121.521897,25.020434],[121.522304,25.020371]],[[121.524512,25.020906],[121.524609,25.020927],[121.524815,25.020889]],[[121.522304,25.020371],[121.522407,25.02036],[121.522509,25.020362],[121.522706,25.020401],[121.522894,25.020465],[121.523579,25.020642],[121.524045,25.020772],[121.524212,25.020823],[121.524512,25.020906]]]},"properties":{"id":"r24836709","title":"水源快速道路 東向出口（師大路）","name":"水源快速道路師大路出口","kind":"出口","dir":"東向","surface":["師大路"],"road":["水源快速道路"],"from":["水源快速道路"],"to":[],"lanes":2,"destination":null,"layer":"1","point":[121.521897,25.020434],"ways":[24836709,256068924,712593160]}},{"type":"Feature","geometry":{"type":"MultiLineString","coordinates":[[[121.526129,25.014879],[121.526256,25.014604]],[[121.526995,25.01348],[121.527275,25.013073],[121.527505,25.012735],[121.528044,25.011911],[121.528104,25.01181],[121.528115,25.01176],[121.528107,25.011687],[121.528041,25.011608],[121.527981,25.011508],[121.527956,25.011408]],[[121.526256,25.014604],[121.52672,25.013896],[121.526995,25.01348]]]},"properties":{"id":"r302089865","title":"水源快速道路 南向出口（永福橋）","name":null,"kind":"出口","dir":"南向","surface":["永福橋"],"road":["水源快速道路"],"from":["水源快速道路"],"to":[],"lanes":1,"destination":null,"layer":"1","point":[121.526129,25.014879],"ways":[302089865,302089866,712593159]}},{"type":"Feature","geometry":{"type":"MultiLineString","coordinates":[[[121.535657,24.997207],[121.535715,24.996432]],[[121.5353,25.000331],[121.535382,24.999668],[121.535405,24.99917],[121.535481,24.998678],[121.535567,24.998139],[121.535657,24.997207]],[[121.535719,24.996298],[121.535724,24.996182],[121.535737,24.996143],[121.535777,24.996084]],[[121.535719,24.996298],[121.535758,24.99626],[121.535802,24.996246],[121.535849,24.996241],[121.535899,24.996251],[121.535937,24.996269],[121.535975,24.996301]],[[121.535715,24.996432],[121.535719,24.996298]]]},"properties":{"id":"r198876037","title":"水源快速道路 南向出口（景福街）","name":"水源快速道路","kind":"出口","dir":"南向","surface":["景福街"],"road":["水源快速道路"],"from":["水源快速道路"],"to":[],"lanes":1,"destination":null,"layer":"1","point":[121.5353,25.000331],"ways":[198876037,198876038,374533536,374533827,374902204]}},{"type":"Feature","geometry":{"type":"MultiLineString","coordinates":[[[121.493786,25.017647],[121.493851,25.017529],[121.493884,25.017464],[121.493922,25.017414],[121.494238,25.017127]],[[121.494238,25.017127],[121.494606,25.016884],[121.494818,25.016765],[121.495078,25.016656],[121.495359,25.016561],[121.495459,25.016524],[121.495505,25.016507],[121.495551,25.016496]]]},"properties":{"id":"r229771735","title":"水源快速道路 南向出口（華中橋）","name":"水源快速道路華中橋引道","kind":"出口","dir":"南向","surface":["華中橋"],"road":["水源快速道路"],"from":["水源快速道路"],"to":[],"lanes":1,"destination":"中和(華中橋);中和交流道","layer":"2","point":[121.493786,25.017647],"ways":[229771735,713597834]}},{"type":"Feature","geometry":{"type":"MultiLineString","coordinates":[[[121.58159,25.004461],[121.581177,25.004472],[121.580778,25.0045],[121.580308,25.004559]],[[121.580308,25.004559],[121.579752,25.004678],[121.579472,25.004767],[121.579195,25.004883],[121.578897,25.005031],[121.578642,25.005191],[121.578478,25.005325],[121.578347,25.005456],[121.578247,25.005622],[121.578188,25.005794],[121.578194,25.005994],[121.578236,25.006166],[121.578338,25.00633],[121.578473,25.006467],[121.578656,25.006571],[121.578861,25.006635],[121.579064,25.00667],[121.579247,25.006671],[121.579487,25.006639],[121.579693,25.006585],[121.579901,25.006507],[121.580057,25.006412],[121.580206,25.006295],[121.580343,25.006159],[121.580473,25.005987],[121.580562,25.005835],[121.580629,25.005683],[121.580671,25.005517],[121.580697,25.005343],[121.580697,25.005191],[121.58067,25.005046],[121.580588,25.004632]],[[121.584972,25.004113],[121.584317,25.004226]],[[121.583,25.00444],[121.58159,25.004461]],[[121.583,25.00444],[121.582528,25.00451],[121.582276,25.004573],[121.58203,25.004695],[121.581895,25.004796],[121.581649,25.005059],[121.581537,25.005319],[121.581439,25.005625],[121.581393,25.005954],[121.581357,25.006273],[121.58135,25.006584]],[[121.584317,25.004226],[121.583735,25.004327],[121.583359,25.00441],[121.583,25.00444]]]},"properties":{"id":"r49774422","title":"國3甲 → 信義快速道路（西向）","name":"萬芳交流道","kind":"系統","dir":"西向","surface":[],"road":["台北聯絡線","信義快速道路"],"from":["台北聯絡線"],"to":["信義快速道路"],"lanes":1,"destination":"木柵路","layer":"1","point":[121.584972,25.004113],"ways":[49774422,49774426,49774432,49774433,771665495,906758395]}},{"type":"Feature","geometry":{"type":"MultiLineString","coordinates":[[[121.577819,25.005056],[121.578134,25.004565],[121.578327,25.004147],[121.578443,25.003677],[121.578479,25.003423]],[[121.575789,25.006606],[121.576275,25.006382],[121.576634,25.006188],[121.576909,25.00602],[121.577136,25.005849],[121.577346,25.005656],[121.577524,25.005455],[121.577683,25.005255],[121.577819,25.005056]],[[121.578479,25.003423],[121.578496,25.003199],[121.578499,25.003024],[121.578494,25.002874],[121.578459,25.00269],[121.578401,25.002535],[121.578259,25.002204],[121.57803,25.001925],[121.577556,25.00148]]]},"properties":{"id":"r49774443","title":"國3甲 → 信義快速道路（東向）","name":"萬芳交流道","kind":"系統","dir":"東向","surface":[],"road":["台北聯絡線","信義快速道路"],"from":["台北聯絡線"],"to":["信義快速道路"],"lanes":1,"destination":"木柵路","layer":"1","point":[121.575789,25.006606],"ways":[49774443,413668209,771665488]}},{"type":"Feature","geometry":{"type":"MultiLineString","coordinates":[[[121.593918,25.002097],[121.593905,25.002003]]]},"properties":{"id":"r198170022","title":"國3甲 → 國3甲（西向）","name":null,"kind":"系統","dir":"西向","surface":[],"road":["台北聯絡線"],"from":["台北聯絡線"],"to":["台北聯絡線"],"lanes":null,"destination":null,"layer":null,"point":[121.593918,25.002097],"ways":[198170022]}},{"type":"Feature","geometry":{"type":"MultiLineString","coordinates":[[[121.574147,25.007387],[121.574107,25.007237],[121.574067,25.007087]]]},"properties":{"id":"r771719549","title":"國3甲 → 國3甲（西向）","name":null,"kind":"系統","dir":"西向","surface":[],"road":["台北聯絡線"],"from":["台北聯絡線"],"to":["台北聯絡線"],"lanes":1,"destination":null,"layer":null,"point":[121.574147,25.007387],"ways":[771719549]}},{"type":"Feature","geometry":{"type":"MultiLineString","coordinates":[[[121.597375,25.001773],[121.597395,25.001879]]]},"properties":{"id":"r51831656","title":"國3甲 → 國3甲（東向）","name":null,"kind":"系統","dir":"東向","surface":[],"road":["台北聯絡線"],"from":["台北聯絡線"],"to":["台北聯絡線"],"lanes":1,"destination":null,"layer":null,"point":[121.597375,25.001773],"ways":[51831656]}},{"type":"Feature","geometry":{"type":"MultiLineString","coordinates":[[[121.554477,25.013943],[121.554486,25.014035],[121.554495,25.014132]]]},"properties":{"id":"r772412479","title":"國3甲 → 國3甲（東向）","name":null,"kind":"系統","dir":"東向","surface":[],"road":["台北聯絡線"],"from":["台北聯絡線"],"to":["台北聯絡線"],"lanes":1,"destination":null,"layer":null,"point":[121.554477,25.013943],"ways":[772412479]}},{"type":"Feature","geometry":{"type":"MultiLineString","coordinates":[[[121.565857,25.009172],[121.5659,25.0093],[121.565943,25.009428]]]},"properties":{"id":"r772412481","title":"國3甲 → 國3甲（東向）","name":null,"kind":"系統","dir":"東向","surface":[],"road":["台北聯絡線"],"from":["台北聯絡線"],"to":["台北聯絡線"],"lanes":1,"destination":null,"layer":null,"point":[121.565857,25.009172],"ways":[772412481]}},{"type":"Feature","geometry":{"type":"MultiLineString","coordinates":[[[121.591727,25.002374],[121.591974,25.00228],[121.59265,25.002148],[121.592987,25.002078],[121.593226,25.002002],[121.59344,25.001891],[121.59365,25.001738],[121.59379,25.001589],[121.593904,25.001439],[121.594001,25.001274],[121.59406,25.001122],[121.594124,25.000972],[121.59418,25.000795]],[[121.594261,25.000234],[121.594277,24.999989],[121.594272,24.99972],[121.594099,24.998822]],[[121.59418,25.000795],[121.594223,25.000553],[121.594261,25.000234]],[[121.593905,25.002003],[121.5939,25.001918],[121.593912,25.001789],[121.593958,25.00161],[121.594047,25.00132],[121.594129,25.001031],[121.59418,25.000795]]]},"properties":{"id":"r5909607","title":"國3甲 → 景美溪橋（東向）","name":"木柵交流道","kind":"系統","dir":"東向","surface":[],"road":["台北聯絡線","景美溪橋"],"from":["台北聯絡線"],"to":["景美溪橋"],"lanes":1,"destination":"新店","layer":"2","point":[121.591727,25.002374],"ways":[5909607,51831644,198170034,771665506]}},{"type":"Feature","geometry":{"type":"MultiLineString","coordinates":[[[121.599521,25.002294],[121.599581,25.002282],[121.59962,25.002257],[121.599651,25.002215],[121.599661,25.002175],[121.599657,25.002132],[121.599638,25.002097],[121.59958,25.00205]]]},"properties":{"id":"r51831631","title":"國3甲 西向入口（新光路二段）","name":null,"kind":"入口","dir":"西向","surface":["新光路二段"],"road":["台北聯絡線"],"from":[],"to":["台北聯絡線"],"lanes":1,"destination":"國道3號;台北","layer":null,"point":[121.599521,25.002294],"ways":[51831631]}},{"type":"Feature","geometry":{"type":"MultiLineString","coordinates":[[[121.597168,25.002532],[121.596923,25.002783]],[[121.597214,25.002564],[121.596923,25.002783]],[[121.599112,25.00197],[121.598313,25.001955],[121.598182,25.001963],[121.59805,25.001983],[121.597921,25.002022],[121.597819,25.002067],[121.597729,25.002118],[121.597583,25.00223],[121.597214,25.002564]],[[121.596923,25.002783],[121.596697,25.002973],[121.596493,25.003181],[121.596373,25.003324],[121.596272,25.003476],[121.596185,25.00363],[121.596087,25.003847],[121.596029,25.004003],[121.595985,25.004169],[121.595955,25.004322],[121.595939,25.004452],[121.59593,25.00462],[121.595939,25.00489]],[[121.597395,25.001879],[121.597405,25.001995],[121.597393,25.002096],[121.597354,25.002237],[121.597287,25.002368],[121.597168,25.002532]]]},"properties":{"id":"r51831646","title":"國3甲 西向出口（汐止）","name":"木柵交流道","kind":"出口","dir":"西向","surface":[],"road":["台北聯絡線"],"from":["台北聯絡線"],"to":[],"lanes":1,"destination":"汐止;南港","layer":"2","point":[121.599112,25.00197],"ways":[51831646,51831655,51831663,297091614,1417720828]}},{"type":"Feature","geometry":{"type":"MultiLineString","coordinates":[[[121.565892,25.043485],[121.565949,25.043591],[121.565988,25.043652],[121.566125,25.043872]],[[121.566125,25.043872],[121.566822,25.045029],[121.567395,25.045989],[121.568421,25.047706],[121.568477,25.047884]]]},"properties":{"id":"r137111672","title":"市民大道／正氣橋 北向入口（松隆路）","name":"正氣橋","kind":"入口","dir":"北向","surface":["松隆路"],"road":["市民大道","正氣橋"],"from":[],"to":["市民大道","正氣橋"],"lanes":2,"destination":"環東大道;堤頂大道","layer":"2","point":[121.565892,25.043485],"ways":[137111672,160053381]}},{"type":"Feature","geometry":{"type":"MultiLineString","coordinates":[[[121.567385,25.045968],[121.567364,25.045935],[121.567333,25.045882],[121.567299,25.045825]],[[121.56849,25.047904],[121.568434,25.047728],[121.567385,25.045968]],[[121.567299,25.045825],[121.56722,25.045686]]]},"properties":{"id":"r160185687","title":"市民大道／正氣橋 南向出口（永吉路）","name":"正氣橋","kind":"出口","dir":"南向","surface":["永吉路"],"road":["市民大道","正氣橋"],"from":["市民大道","正氣橋"],"to":[],"lanes":2,"destination":"基隆路","layer":"1","point":[121.56849,25.047904],"ways":[160185687,160185688,328712882]}},{"type":"Feature","geometry":{"type":"MultiLineString","coordinates":[[[121.564609,25.044748],[121.56471,25.044785],[121.564896,25.044819],[121.565042,25.044856],[121.565215,25.044916],[121.565614,25.045064],[121.565733,25.045133]],[[121.565733,25.045133],[121.566966,25.045602],[121.56704,25.045627],[121.567113,25.045651],[121.56718,25.04567],[121.567237,25.045686],[121.567326,25.045711],[121.567394,25.045721],[121.567479,25.045727],[121.567555,25.045732],[121.567798,25.045727],[121.568638,25.045707]],[[121.565733,25.045133],[121.565571,25.045088],[121.565227,25.044961],[121.565032,25.044904],[121.564847,25.044854],[121.564707,25.044829],[121.564569,25.044844]],[[121.568638,25.045707],[121.568748,25.045704]]]},"properties":{"id":"r48793406","title":"市民高架 → 市民高架（東向）","name":"市民大道高架道路","kind":"系統","dir":"東向","surface":[],"road":["市民大道高架道路"],"from":["市民大道高架道路"],"to":["市民大道高架道路"],"lanes":3,"destination":null,"layer":"1","point":[121.564609,25.044748],"ways":[48793406,50159996,50159997,51420755]}},{"type":"Feature","geometry":{"type":"MultiLineString","coordinates":[[[121.518234,25.048862],[121.518139,25.048792]],[[121.518139,25.048792],[121.518116,25.048778],[121.518094,25.048767],[121.518064,25.048755],[121.51803,25.048746],[121.517996,25.048741],[121.517687,25.048737],[121.517467,25.048736],[121.516627,25.048876],[121.516416,25.048837]]]},"properties":{"id":"r313332505","title":"市民高架 西向入口","name":"臺北轉運站出站通道 (往市民大道)","kind":"入口","dir":"西向","surface":[],"road":["市民大道高架道路"],"from":[],"to":["市民大道高架道路"],"lanes":1,"destination":null,"layer":"2","point":[121.518234,25.048862],"ways":[313332505,581377324]}},{"type":"Feature","geometry":{"type":"MultiLineString","coordinates":[[[121.559872,25.045963],[121.558908,25.045526],[121.558434,25.045353],[121.557845,25.045168]],[[121.5627,25.047258],[121.562376,25.047076],[121.561354,25.046635],[121.560986,25.046461],[121.560453,25.046226]],[[121.560453,25.046226],[121.559872,25.045963]]]},"properties":{"id":"r31280020","title":"市民高架 西向入口（市民大道五段）","name":null,"kind":"入口","dir":"西向","surface":["市民大道五段"],"road":["市民大道高架道路"],"from":[],"to":["市民大道高架道路"],"lanes":1,"destination":"建國南路;重慶北路;環河北路","layer":"1","point":[121.5627,25.047258],"ways":[31280020,607889835,1290438184]}},{"type":"Feature","geometry":{"type":"MultiLineString","coordinates":[[[121.557067,25.045091],[121.556628,25.044929]],[[121.556628,25.044929],[121.555504,25.044696],[121.554989,25.044635]]]},"properties":{"id":"r764011473","title":"市民高架 西向入口（市民大道四段）","name":null,"kind":"入口","dir":"西向","surface":["市民大道四段"],"road":["市民大道高架道路"],"from":[],"to":["市民大道高架道路"],"lanes":1,"destination":null,"layer":"1","point":[121.557067,25.045091],"ways":[764011473,906877159]}},{"type":"Feature","geometry":{"type":"MultiLineString","coordinates":[[[121.5414,25.044595],[121.542348,25.044641]],[[121.536909,25.044774],[121.536979,25.044771],[121.537871,25.044726]],[[121.538917,25.04466],[121.539984,25.044613],[121.540393,25.044597],[121.540456,25.044596],[121.5408,25.044588],[121.541143,25.044589],[121.5414,25.044595]],[[121.542339,25.044757],[121.5414,25.044595]],[[121.527671,25.046928],[121.526987,25.047202]],[[121.526945,25.047101],[121.527671,25.046928]],[[121.529847,25.046291],[121.530645,25.046077]],[[121.527671,25.046928],[121.528226,25.046781],[121.528766,25.046615],[121.529847,25.046291]],[[121.530645,25.046077],[121.530827,25.046027]],[[121.534666,25.044971],[121.534835,25.04494],[121.535103,25.044898],[121.535351,25.044868],[121.535707,25.044831],[121.536242,25.044793],[121.536267,25.044791],[121.536362,25.044784]],[[121.536362,25.044784],[121.536909,25.044774]],[[121.537871,25.044726],[121.537695,25.044808]],[[121.537871,25.044726],[121.538917,25.04466]],[[121.530827,25.046027],[121.530898,25.046002],[121.532662,25.045514],[121.532776,25.045485]],[[121.532992,25.045423],[121.533111,25.045392],[121.534558,25.044996],[121.534666,25.044971]],[[121.532776,25.045485],[121.532888,25.045452]],[[121.532888,25.045452],[121.532992,25.045423]]]},"properties":{"id":"r49073263","title":"市民高架 西向雙向（市民大道三段）","name":"市民大道三段","kind":"雙向","dir":"西向","surface":["市民大道三段"],"road":["市民大道高架道路"],"from":["市民大道高架道路"],"to":["市民大道高架道路"],"lanes":3,"destination":null,"layer":"2","point":[121.542339,25.044757],"ways":[49073263,49073264,49073265,49073277,51362366,51362367,51362368,51362403,304148115,593847704,593849724,593852343,593852344,594658757,1068440007,1068440008,1334904388]}},{"type":"Feature","geometry":{"type":"MultiLineString","coordinates":[[[121.509554,25.050316],[121.510368,25.050122]],[[121.510327,25.050248],[121.509554,25.050316]],[[121.507061,25.050658],[121.508846,25.050423],[121.509554,25.050316]],[[121.50685,25.050697],[121.507061,25.050658]]]},"properties":{"id":"r51911166","title":"市民高架 西向雙向（鄭州路）","name":null,"kind":"雙向","dir":"西向","surface":["鄭州路"],"road":["市民大道高架道路"],"from":["市民大道高架道路"],"to":["市民大道高架道路"],"lanes":1,"destination":null,"layer":"1","point":[121.510327,25.050248],"ways":[51911166,51911167,51911169,51919163]}},{"type":"Feature","geometry":{"type":"MultiLineString","coordinates":[[[121.518452,25.048516],[121.517683,25.048565]],[[121.517683,25.048565],[121.518422,25.048393]],[[121.517683,25.048565],[121.515583,25.048901],[121.514683,25.049121]],[[121.514683,25.049121],[121.514143,25.049245]],[[121.514143,25.049245],[121.513364,25.049435],[121.513251,25.049461]],[[121.514143,25.049245],[121.513916,25.049412]],[[121.513769,25.049203],[121.514143,25.049245]]]},"properties":{"id":"r51911176","title":"市民高架 西向雙向（鄭州路）","name":"市民大道高架道路","kind":"雙向","dir":"西向","surface":["鄭州路","重慶北路一段"],"road":["市民大道高架道路"],"from":["市民大道高架道路"],"to":["市民大道高架道路"],"lanes":2,"destination":null,"layer":"1","point":[121.518452,25.048516],"ways":[51911176,51911177,51911178,519643765,519643766,519643768,519643770]}},{"type":"Feature","geometry":{"type":"MultiLineString","coordinates":[[[121.551364,25.044515],[121.553049,25.044394],[121.553334,25.044393]],[[121.554567,25.044501],[121.555108,25.044589],[121.555339,25.044621],[121.555921,25.044737],[121.556269,25.044802],[121.557611,25.045069],[121.557686,25.045084]],[[121.553334,25.044393],[121.553617,25.044401],[121.553986,25.044428],[121.554567,25.044501]]]},"properties":{"id":"r48776357","title":"市民高架 東向出口（光復南路）","name":null,"kind":"出口","dir":"東向","surface":["光復南路"],"road":["市民大道高架道路"],"from":["市民大道高架道路"],"to":[],"lanes":2,"destination":null,"layer":"1","point":[121.551364,25.044515],"ways":[48776357,48776358,1492512226]}},{"type":"Feature","geometry":{"type":"MultiLineString","coordinates":[[[121.504336,25.048564],[121.504345,25.048396],[121.504383,25.048139]],[[121.504383,25.048139],[121.504398,25.04796],[121.504394,25.047846],[121.504381,25.04777],[121.504357,25.047686],[121.504322,25.0476],[121.504276,25.047517],[121.504188,25.047403],[121.503931,25.047146],[121.50388,25.047075]]]},"properties":{"id":"r51919186","title":"未命名主線 → 環河快速道路（南向）","name":null,"kind":"系統","dir":"南向","surface":[],"road":["未命名主線","環河快速道路"],"from":["未命名主線"],"to":["環河快速道路"],"lanes":1,"destination":null,"layer":"3","point":[121.504336,25.048564],"ways":[51919186,713760136]}},{"type":"Feature","geometry":{"type":"MultiLineString","coordinates":[[[121.504383,25.048406],[121.504402,25.048318],[121.504429,25.048251],[121.504549,25.048092],[121.50493,25.04777],[121.505214,25.047515]]]},"properties":{"id":"r51919183","title":"未命名主線 南向出口","name":null,"kind":"出口","dir":"南向","surface":[],"road":["未命名主線"],"from":["未命名主線"],"to":[],"lanes":1,"destination":null,"layer":"3","point":[121.504383,25.048406],"ways":[51919183]}},{"type":"Feature","geometry":{"type":"MultiLineString","coordinates":[[[121.507314,25.052951],[121.507427,25.053548],[121.50747,25.053594]],[[121.504478,25.048995],[121.504448,25.048876],[121.504413,25.04875],[121.504411,25.048685],[121.50443,25.048588],[121.50447,25.048511],[121.504514,25.048456],[121.504576,25.048403],[121.504673,25.048349]],[[121.504673,25.048349],[121.504767,25.048322],[121.504897,25.048322],[121.504994,25.048345],[121.505083,25.048383],[121.505178,25.048441],[121.505243,25.0485],[121.50547,25.048835],[121.505702,25.049194],[121.50588,25.049479],[121.506018,25.049709],[121.506145,25.049957],[121.506261,25.050184],[121.506377,25.050449],[121.506501,25.050765],[121.50679,25.051578],[121.506928,25.051838],[121.507161,25.052244],[121.507217,25.0524],[121.507314,25.052951]]]},"properties":{"id":"r51919193","title":"未命名主線 南向出口（環河北路一段）","name":null,"kind":"出口","dir":"南向","surface":["環河北路一段"],"road":["未命名主線"],"from":["未命名主線"],"to":[],"lanes":1,"destination":null,"layer":"2","point":[121.504478,25.048995],"ways":[51919193,52242891,713760135]}},{"type":"Feature","geometry":{"type":"MultiLineString","coordinates":[[[121.506535,25.050271],[121.506529,25.050365],[121.506518,25.050457],[121.506493,25.050525],[121.506455,25.050587],[121.506384,25.050657],[121.506332,25.050696],[121.506248,25.050733],[121.506167,25.050756],[121.506063,25.050768],[121.505979,25.050762],[121.50589,25.050738],[121.505811,25.050707],[121.505707,25.050626],[121.505597,25.050535]],[[121.506461,25.049977],[121.506531,25.050181],[121.506535,25.050271]]]},"properties":{"id":"r52242904","title":"未命名主線／市民高架 → 市民高架（北向）","name":null,"kind":"系統","dir":"北向","surface":[],"road":["未命名主線","市民大道高架道路"],"from":["未命名主線","市民大道高架道路"],"to":["市民大道高架道路"],"lanes":1,"destination":"三重","layer":"2","point":[121.506461,25.049977],"ways":[52242904,713760138]}},{"type":"Feature","geometry":{"type":"MultiLineString","coordinates":[[[121.580403,25.069088],[121.579541,25.069471],[121.579376,25.069536],[121.578948,25.069679],[121.57804,25.070003],[121.577333,25.070234],[121.576844,25.070368],[121.576423,25.070478],[121.57609,25.070564]],[[121.57279,25.073216],[121.57286,25.072982],[121.572935,25.072631],[121.572982,25.07232],[121.572989,25.072135],[121.572977,25.072009],[121.572944,25.071869],[121.572862,25.071693],[121.572774,25.071566],[121.572651,25.071446],[121.572538,25.071372],[121.57243,25.071316],[121.572286,25.071275],[121.572105,25.071243],[121.571895,25.071213]],[[121.574676,25.070809],[121.574276,25.07088]],[[121.573771,25.070975],[121.573375,25.071035],[121.572746,25.071116],[121.572111,25.071188],[121.571895,25.071213]],[[121.574515,25.071348],[121.574545,25.071127],[121.574546,25.071043],[121.574535,25.07098],[121.574514,25.070937],[121.574484,25.070909],[121.574434,25.070888],[121.574375,25.070879],[121.574276,25.07088]],[[121.57609,25.070564],[121.575162,25.070723]],[[121.571895,25.071213],[121.5708,25.071274],[121.569814,25.071323],[121.568721,25.07134],[121.568363,25.071302]],[[121.572162,25.07448],[121.572401,25.074096],[121.572473,25.07397],[121.572517,25.073884]],[[121.572517,25.073884],[121.57256,25.073799],[121.572677,25.073522],[121.57279,25.073216]],[[121.575162,25.070723],[121.57495,25.070756],[121.574825,25.070782],[121.574676,25.070809]],[[121.574276,25.07088],[121.573771,25.070975]]]},"properties":{"id":"r48769246","title":"國1汐五高架 → 國1汐五高架（西向）","name":"堤頂交流道","kind":"系統","dir":"西向","surface":["舊宗路二段","港墘路"],"road":["汐止五股高架道路"],"from":["汐止五股高架道路"],"to":["汐止五股高架道路"],"lanes":3,"destination":"提頂大道;內湖;松山","layer":"2","point":[121.580403,25.069088],"ways":[48769246,48769249,48769256,48769261,48769262,252494911,324318762,449379861,771577735,771577736,771577737]}},{"type":"Feature","geometry":{"type":"MultiLineString","coordinates":[[[121.572273,25.070356],[121.572517,25.07014],[121.572665,25.069982],[121.572766,25.069818],[121.572841,25.069633],[121.572877,25.069462],[121.572895,25.069313],[121.572876,25.069132],[121.572823,25.068941],[121.572671,25.068524],[121.57248,25.067998]],[[121.572273,25.070356],[121.572693,25.070081],[121.573423,25.069561]],[[121.573423,25.069561],[121.57357,25.06946],[121.573694,25.069371],[121.573801,25.06931],[121.57389,25.069275],[121.573978,25.069247],[121.574078,25.069217],[121.57419,25.069203],[121.574303,25.069192]],[[121.569885,25.070888],[121.571193,25.070701],[121.571551,25.070635],[121.57176,25.070576],[121.571892,25.070531],[121.572066,25.07046],[121.572273,25.070356]],[[121.574303,25.069192],[121.574542,25.069188],[121.574673,25.069185],[121.574807,25.06918]],[[121.574303,25.069192],[121.574394,25.069179],[121.57447,25.069161],[121.574517,25.069144],[121.574566,25.069116],[121.574602,25.06908],[121.574626,25.06904],[121.574637,25.068989],[121.574661,25.068834]],[[121.57248,25.067998],[121.572327,25.067588]],[[121.572327,25.067588],[121.572231,25.067255],[121.572188,25.067038],[121.572166,25.066848],[121.572159,25.066534]]]},"properties":{"id":"r48769244","title":"國1汐五高架 → 堤頂大道一段（東向）","name":"堤頂交流道","kind":"系統","dir":"東向","surface":["舊宗路二段"],"road":["汐止五股高架道路","堤頂大道一段"],"from":["汐止五股高架道路"],"to":["堤頂大道一段"],"lanes":2,"destination":"提頂大道;松山","layer":"2","point":[121.569885,25.070888],"ways":[48769244,48769258,48769259,48769267,771577728,771577729,771577733,771577734]}},{"type":"Feature","geometry":{"type":"MultiLineString","coordinates":[[[121.508137,25.080152],[121.508105,25.080581],[121.508107,25.081133],[121.508148,25.081778],[121.508127,25.081924],[121.508073,25.08205],[121.507998,25.082128],[121.507891,25.082196],[121.507746,25.082252],[121.507582,25.082237],[121.507452,25.082169],[121.507365,25.082069],[121.507322,25.081992],[121.507301,25.081826],[121.507359,25.081274]],[[121.50682,25.082962],[121.507032,25.082439],[121.507226,25.081826],[121.507359,25.081274]],[[121.50653,25.083823],[121.50653,25.083692],[121.50682,25.082962]],[[121.507359,25.081274],[121.507574,25.080505],[121.507799,25.079517],[121.507799,25.07933],[121.507777,25.079176],[121.50772,25.078987],[121.507596,25.07879],[121.507398,25.078621],[121.507251,25.078543],[121.507088,25.078486],[121.50679,25.078432],[121.505033,25.078213]]]},"properties":{"id":"r50893493","title":"國1汐五高架 西向入口（環河北路三段）","name":"環北交流道","kind":"入口","dir":"西向","surface":["環河北路三段"],"road":["汐止五股高架道路"],"from":[],"to":["汐止五股高架道路"],"lanes":1,"destination":null,"layer":"1","point":[121.508137,25.080152],"ways":[50893493,50893497,50893501,328852477]}},{"type":"Feature","geometry":{"type":"MultiLineString","coordinates":[[[121.573856,25.069384],[121.573772,25.069431],[121.573722,25.069472],[121.573673,25.069525],[121.573621,25.069605],[121.573579,25.069713],[121.573574,25.069823],[121.573599,25.069942],[121.573644,25.070052],[121.573727,25.070139],[121.573813,25.070201],[121.573972,25.070269],[121.574147,25.070296],[121.574378,25.07029],[121.574707,25.070264]],[[121.574814,25.069343],[121.574679,25.069314],[121.574461,25.069294]],[[121.574705,25.069979],[121.574673,25.069922],[121.574664,25.069869],[121.574653,25.069622],[121.574648,25.069563],[121.574636,25.069511],[121.574605,25.069426],[121.574573,25.069372],[121.574549,25.069344],[121.574519,25.069321],[121.574461,25.069294]],[[121.574312,25.069277],[121.574176,25.069288],[121.574051,25.069311],[121.57395,25.069343],[121.573856,25.069384]],[[121.574461,25.069294],[121.574312,25.069277]]]},"properties":{"id":"r48769257","title":"國1汐五高架 東向入口（舊宗路二段）","name":"堤頂交流道","kind":"入口","dir":"東向","surface":["舊宗路二段"],"road":["汐止五股高架道路"],"from":[],"to":["汐止五股高架道路"],"lanes":1,"destination":null,"layer":"2","point":[121.574814,25.069343],"ways":[48769257,771577724,771577726,771577727,911605209]}},{"type":"Feature","geometry":{"type":"MultiLineString","coordinates":[[[121.503389,25.077558],[121.50443,25.077639],[121.505428,25.077704],[121.506995,25.077757],[121.507848,25.077765],[121.508073,25.077726],[121.508256,25.077648],[121.508403,25.077559],[121.508492,25.077483],[121.508559,25.077415],[121.508616,25.077333],[121.508707,25.077128]],[[121.508707,25.077128],[121.508786,25.0768],[121.508835,25.076252],[121.508847,25.076126]]]},"properties":{"id":"r50893495","title":"國1汐五高架 東向出口","name":"環北交流道","kind":"出口","dir":"東向","surface":[],"road":["汐止五股高架道路"],"from":["汐止五股高架道路"],"to":[],"lanes":2,"destination":null,"layer":"2","point":[121.503389,25.077558],"ways":[50893495,50893517]}},{"type":"Feature","geometry":{"type":"MultiLineString","coordinates":[[[121.558005,25.072002],[121.558382,25.071873],[121.560008,25.071268]],[[121.560008,25.071268],[121.560446,25.071111],[121.56087,25.070978],[121.56109,25.070884]],[[121.556554,25.072259],[121.557021,25.072212],[121.557501,25.072131],[121.558005,25.072002]]]},"properties":{"id":"r51821748","title":"國1汐五高架 東向出口（下塔悠）","name":"下塔悠出口匝道","kind":"出口","dir":"東向","surface":["濱江街"],"road":["汐止五股高架道路"],"from":["汐止五股高架道路"],"to":[],"lanes":1,"destination":"濱江街","layer":"1","point":[121.556554,25.072259],"ways":[51821748,51821749,1144809783]}},{"type":"Feature","geometry":{"type":"MultiLineString","coordinates":[[[121.581254,25.008476],[121.581424,25.008471],[121.581587,25.008467]]]},"properties":{"id":"r771821817","title":"信義快速道路 → 信義快速道路（南向）","name":null,"kind":"系統","dir":"南向","surface":[],"road":["信義快速道路"],"from":["信義快速道路"],"to":["信義快速道路"],"lanes":1,"destination":null,"layer":null,"point":[121.581254,25.008476],"ways":[771821817]}},{"type":"Feature","geometry":{"type":"MultiLineString","coordinates":[[[121.576576,25.022959],[121.576817,25.023068]]]},"properties":{"id":"r771835293","title":"信義快速道路 → 信義快速道路（南向）","name":null,"kind":"系統","dir":"南向","surface":[],"road":["信義快速道路"],"from":["信義快速道路"],"to":["信義快速道路"],"lanes":null,"destination":null,"layer":null,"point":[121.576576,25.022959],"ways":[771835293]}},{"type":"Feature","geometry":{"type":"MultiLineString","coordinates":[[[121.57895,25.002359],[121.579709,25.002889],[121.580579,25.003548]],[[121.580579,25.003548],[121.580816,25.003761],[121.581015,25.003961],[121.581151,25.004171],[121.581269,25.004438],[121.58134,25.004694],[121.581363,25.004881]],[[121.579141,25.006801],[121.578762,25.006789]],[[121.580579,25.003548],[121.580808,25.003661],[121.58109,25.003788],[121.581399,25.003899],[121.581602,25.003963]],[[121.578762,25.006789],[121.578107,25.006737],[121.577726,25.006714],[121.577368,25.006705],[121.576928,25.00673],[121.576562,25.006775],[121.576237,25.006831],[121.57593,25.006905],[121.575556,25.007009],[121.575445,25.007042],[121.574997,25.007187],[121.574813,25.00724],[121.574271,25.007357]],[[121.581602,25.003963],[121.581856,25.004027],[121.582133,25.004068],[121.582486,25.004096],[121.582871,25.004113],[121.584289,25.00411]],[[121.581363,25.004881],[121.581354,25.005107],[121.58132,25.005306],[121.581251,25.005509]],[[121.580918,25.006057],[121.580749,25.006232],[121.580519,25.006401],[121.580294,25.006533],[121.580116,25.006617],[121.579903,25.006692],[121.579599,25.006752],[121.579141,25.006801]],[[121.581251,25.005509],[121.581096,25.00579],[121.580918,25.006057]],[[121.581236,25.008071],[121.581179,25.007498],[121.581155,25.007381],[121.581114,25.007265],[121.581057,25.00717],[121.580978,25.007085],[121.580893,25.007008],[121.580782,25.006931],[121.580628,25.006872],[121.580473,25.006836],[121.580326,25.006812],[121.580167,25.006807],[121.579141,25.006801]]]},"properties":{"id":"r49774434","title":"信義快速道路 → 國3甲（東向）","name":"萬芳交流道","kind":"系統","dir":"東向","surface":[],"road":["信義快速道路","台北聯絡線"],"from":["信義快速道路"],"to":["台北聯絡線"],"lanes":2,"destination":"辛亥路","layer":"1","point":[121.57895,25.002359],"ways":[49774434,49774435,318173012,318173013,631239472,771665489,771665490,771665491,771665492,771821813]}},{"type":"Feature","geometry":{"type":"MultiLineString","coordinates":[[[121.580292,25.004023],[121.579977,25.003628],[121.579773,25.003463],[121.579601,25.003366],[121.579441,25.003288],[121.579263,25.003266],[121.57916,25.00327],[121.57902,25.003309],[121.578881,25.003387],[121.578763,25.003504],[121.578688,25.00363],[121.578645,25.00377],[121.578649,25.003922],[121.578703,25.004083],[121.578785,25.004197],[121.578872,25.004265],[121.579021,25.004331],[121.579205,25.004377],[121.579376,25.004406],[121.579601,25.004425],[121.579871,25.004418],[121.580224,25.00439]]]},"properties":{"id":"r49774440","title":"信義快速道路 → 國3甲（南向）","name":"萬芳交流道","kind":"系統","dir":"南向","surface":[],"road":["信義快速道路","台北聯絡線"],"from":["信義快速道路"],"to":["台北聯絡線"],"lanes":1,"destination":"深坑","layer":null,"point":[121.580292,25.004023],"ways":[49774440]}},{"type":"Feature","geometry":{"type":"MultiLineString","coordinates":[[[121.577371,25.000344],[121.577226,25.000345],[121.577137,25.000362],[121.577082,25.000393],[121.577032,25.000445],[121.57702,25.000465],[121.576998,25.000505],[121.576978,25.000593],[121.57698,25.000692]]]},"properties":{"id":"r49774438","title":"信義快速道路 北向入口（木柵路五段）","name":null,"kind":"入口","dir":"北向","surface":["木柵路五段"],"road":["信義快速道路"],"from":[],"to":["信義快速道路"],"lanes":1,"destination":null,"layer":null,"point":[121.577371,25.000344],"ways":[49774438]}},{"type":"Feature","geometry":{"type":"MultiLineString","coordinates":[[[121.576929,25.000241],[121.576922,25.000303],[121.576923,25.000382],[121.576941,25.000532],[121.57698,25.000692]]]},"properties":{"id":"r842666027","title":"信義快速道路 北向入口（木柵路四段）","name":null,"kind":"入口","dir":"北向","surface":["木柵路四段"],"road":["信義快速道路"],"from":[],"to":["信義快速道路"],"lanes":2,"destination":null,"layer":null,"point":[121.576929,25.000241],"ways":[842666027]}},{"type":"Feature","geometry":{"type":"MultiLineString","coordinates":[[[121.571864,25.031888],[121.571843,25.032255],[121.571875,25.032394],[121.571915,25.032477],[121.571971,25.032548],[121.572109,25.032649],[121.572281,25.032715],[121.572437,25.032745],[121.572837,25.032803],[121.573115,25.032864],[121.57345,25.03296],[121.573877,25.033148],[121.574396,25.03339]]]},"properties":{"id":"r138265875","title":"信義快速道路 北向出口（信義路五段）","name":null,"kind":"出口","dir":"北向","surface":["信義路五段"],"road":["信義快速道路"],"from":["信義快速道路"],"to":[],"lanes":1,"destination":null,"layer":null,"point":[121.571864,25.031888],"ways":[138265875]}},{"type":"Feature","geometry":{"type":"MultiLineString","coordinates":[[[121.571864,25.031888],[121.571749,25.032376],[121.571719,25.032454],[121.571656,25.032575],[121.571575,25.032659],[121.571506,25.032711],[121.571416,25.032753],[121.571259,25.032795],[121.570891,25.032834],[121.570523,25.032864]]]},"properties":{"id":"r138265878","title":"信義快速道路 北向出口（信義路五段）","name":null,"kind":"出口","dir":"北向","surface":["信義路五段"],"road":["信義快速道路"],"from":["信義快速道路"],"to":[],"lanes":2,"destination":null,"layer":null,"point":[121.571864,25.031888],"ways":[138265878]}},{"type":"Feature","geometry":{"type":"MultiLineString","coordinates":[[[121.568499,25.032773],[121.570984,25.032727],[121.571215,25.032702],[121.571332,25.032665],[121.571436,25.032607],[121.571511,25.032541],[121.571567,25.032477],[121.571603,25.032391],[121.571626,25.03229],[121.571628,25.032164],[121.571622,25.031939],[121.571609,25.031782]],[[121.571609,25.031782],[121.571571,25.031336]],[[121.571609,25.031782],[121.571875,25.031799]]]},"properties":{"id":"r49749048","title":"信義快速道路 南向入口（信義路五段）","name":null,"kind":"入口","dir":"南向","surface":["信義路五段"],"road":["信義快速道路"],"from":[],"to":["信義快速道路"],"lanes":2,"destination":null,"layer":null,"point":[121.568499,25.032773],"ways":[49749048,771835297,771835298]}},{"type":"Feature","geometry":{"type":"MultiLineString","coordinates":[[[121.572435,25.032812],[121.572308,25.032795],[121.572164,25.032775],[121.572055,25.032754],[121.572003,25.032743],[121.571957,25.032729],[121.571902,25.03271],[121.571828,25.032679],[121.571765,25.032646],[121.571708,25.032605],[121.571657,25.032558],[121.571613,25.032506],[121.571584,25.03246],[121.571561,25.032411],[121.571543,25.032361],[121.571531,25.032309],[121.571522,25.032153]],[[121.571533,25.031716],[121.571571,25.031336]],[[121.574299,25.033479],[121.574022,25.03329],[121.573824,25.03319],[121.573426,25.033024]],[[121.571522,25.032153],[121.571522,25.031951],[121.571533,25.031716]],[[121.573426,25.033024],[121.573275,25.032975],[121.573164,25.032944],[121.573051,25.032917],[121.572933,25.032886],[121.572755,25.032856],[121.572435,25.032812]]]},"properties":{"id":"r138265874","title":"信義快速道路 南向入口（信義路五段）","name":null,"kind":"入口","dir":"南向","surface":["信義路五段"],"road":["信義快速道路"],"from":[],"to":["信義快速道路"],"lanes":1,"destination":null,"layer":"1","point":[121.574299,25.033479],"ways":[138265874,138265876,138265877,771835296,1462077146]}},{"type":"Feature","geometry":{"type":"MultiLineString","coordinates":[[[121.576898,25.00072],[121.576831,25.000545],[121.576788,25.000455],[121.576714,25.000336],[121.576623,25.000236],[121.576555,25.000183],[121.576462,25.000124],[121.576343,25.000066]]]},"properties":{"id":"r49774437","title":"信義快速道路 南向出口（木柵路四段）","name":null,"kind":"出口","dir":"南向","surface":["木柵路四段"],"road":["信義快速道路"],"from":["信義快速道路"],"to":[],"lanes":3,"destination":null,"layer":null,"point":[121.576898,25.00072],"ways":[49774437]}},{"type":"Feature","geometry":{"type":"MultiLineString","coordinates":[[[121.576898,25.00072],[121.576856,25.00056],[121.576832,25.000428],[121.576822,25.000317],[121.57682,25.000272],[121.576827,25.000212]]]},"properties":{"id":"r231570913","title":"信義快速道路 南向出口（木柵路四段）","name":null,"kind":"出口","dir":"南向","surface":["木柵路四段"],"road":["信義快速道路"],"from":["信義快速道路"],"to":[],"lanes":2,"destination":null,"layer":null,"point":[121.576898,25.00072],"ways":[231570913]}},{"type":"Feature","geometry":{"type":"MultiLineString","coordinates":[[[121.537819,25.022844],[121.537697,25.022821]]]},"properties":{"id":"r1456622325","title":"建國高架 → 建國高架（北向）","name":null,"kind":"系統","dir":"北向","surface":[],"road":["建國快速道路"],"from":["建國快速道路"],"to":["建國快速道路"],"lanes":null,"destination":null,"layer":null,"point":[121.537819,25.022844],"ways":[1456622325]}},{"type":"Feature","geometry":{"type":"MultiLineString","coordinates":[[[121.531899,25.021815],[121.532147,25.02196],[121.532384,25.02207],[121.532666,25.022176],[121.532936,25.022245],[121.533131,25.022281],[121.533298,25.022298],[121.533523,25.022309],[121.533779,25.022313],[121.534168,25.022316],[121.53664,25.022378]],[[121.53664,25.022378],[121.53684,25.022399],[121.537038,25.02243],[121.537235,25.02247],[121.537429,25.022519],[121.537503,25.022542],[121.537628,25.022581]],[[121.537628,25.022581],[121.537763,25.022628]]]},"properties":{"id":"r49695619","title":"建國高架 → 建國高架（東向）","name":"建國快速道路","kind":"系統","dir":"東向","surface":[],"road":["建國快速道路"],"from":["建國快速道路"],"to":["建國快速道路"],"lanes":4,"destination":null,"layer":"1","point":[121.531899,25.021815],"ways":[49695619,49749168,1456622331]}},{"type":"Feature","geometry":{"type":"MultiLineString","coordinates":[[[121.53661,25.0226],[121.536424,25.022586],[121.535086,25.022548],[121.533507,25.022514],[121.533291,25.022501],[121.53313,25.022487],[121.532901,25.022453],[121.532616,25.022376],[121.532358,25.022285],[121.531948,25.022053]],[[121.537697,25.022821],[121.537538,25.022797]],[[121.537538,25.022797],[121.537392,25.022777],[121.537044,25.022714],[121.536749,25.022628],[121.53661,25.0226]]]},"properties":{"id":"r49749167","title":"建國高架 → 建國高架（南向）","name":"建國快速道路","kind":"系統","dir":"南向","surface":[],"road":["建國快速道路"],"from":["建國快速道路"],"to":["建國快速道路"],"lanes":null,"destination":null,"layer":"1","point":[121.537697,25.022821],"ways":[49749167,1456622316,1456622323]}},{"type":"Feature","geometry":{"type":"MultiLineString","coordinates":[[[121.537763,25.022628],[121.537884,25.022675]]]},"properties":{"id":"r1456622314","title":"建國高架 → 建國高架（南向）","name":null,"kind":"系統","dir":"南向","surface":[],"road":["建國快速道路"],"from":["建國快速道路"],"to":["建國快速道路"],"lanes":null,"destination":null,"layer":null,"point":[121.537763,25.022628],"ways":[1456622314]}},{"type":"Feature","geometry":{"type":"MultiLineString","coordinates":[[[121.533077,25.073266],[121.532986,25.073395],[121.532894,25.073515],[121.532683,25.073668],[121.532502,25.073781],[121.532382,25.073855]],[[121.534372,25.07323],[121.534409,25.073187],[121.534429,25.073146],[121.534431,25.07311],[121.534421,25.073077],[121.53439,25.073039],[121.534343,25.072984]],[[121.533401,25.070196],[121.533426,25.070913]],[[121.533378,25.067653],[121.533338,25.067796],[121.533338,25.068134],[121.533338,25.068194]],[[121.531507,25.073951],[121.531114,25.073902],[121.53021,25.073784],[121.529775,25.073786],[121.529365,25.073846],[121.528993,25.07394],[121.528671,25.074012]],[[121.532382,25.073855],[121.532235,25.073919],[121.532052,25.073956],[121.531778,25.073969],[121.531507,25.073951]],[[121.533961,25.072968],[121.533817,25.072988],[121.5337,25.07302],[121.533608,25.073053],[121.533534,25.073086]],[[121.533426,25.070913],[121.533419,25.07223],[121.533377,25.072494],[121.533296,25.072804],[121.53325,25.072922],[121.533172,25.073091],[121.533077,25.073266]],[[121.53383,25.067652],[121.533704,25.067774],[121.533543,25.067959],[121.533425,25.068143],[121.533318,25.068406],[121.533285,25.068571],[121.533271,25.068698],[121.533275,25.068824],[121.533307,25.069105],[121.533356,25.069511],[121.533391,25.069965],[121.533401,25.070196]],[[121.533534,25.073086],[121.533386,25.073179],[121.533283,25.073259],[121.533203,25.073321],[121.533138,25.073389],[121.532915,25.073603],[121.532845,25.073663],[121.532599,25.073801],[121.532382,25.073855]],[[121.534908,25.073122],[121.534728,25.073071],[121.534343,25.072984]],[[121.534343,25.072984],[121.534266,25.072975],[121.534175,25.072965],[121.534089,25.07296],[121.533961,25.072968]],[[121.533338,25.068194],[121.533352,25.068306]],[[121.533352,25.068306],[121.533354,25.068381],[121.533361,25.068503],[121.533355,25.068732],[121.533371,25.068959],[121.533416,25.069386],[121.53346,25.069776],[121.533477,25.070218],[121.533426,25.070913]]]},"properties":{"id":"r49074701","title":"建國高架 → 國道1號（西向）","name":"圓山交流道","kind":"系統","dir":"西向","surface":["濱江街","建國北路三段"],"road":["建國快速道路","中山高速公路"],"from":["建國快速道路"],"to":["中山高速公路"],"lanes":3,"destination":"桃園","layer":"1","point":[121.53383,25.067652],"ways":[49074701,49074709,49134106,49134108,98716307,98717318,98717319,291325258,375647562,846770305,846770306,846770307,1280909687,1458653559]}},{"type":"Feature","geometry":{"type":"MultiLineString","coordinates":[[[121.533542,25.070944],[121.533535,25.071112],[121.533545,25.07122],[121.533574,25.071335],[121.533606,25.071413],[121.53365,25.071521]],[[121.53383,25.067652],[121.533597,25.067997],[121.533468,25.068318],[121.533436,25.068649],[121.533457,25.069008],[121.533532,25.06964],[121.533537,25.070274]],[[121.533537,25.070274],[121.533542,25.070944]],[[121.535174,25.072602],[121.535316,25.072646],[121.536485,25.072866]],[[121.53365,25.071521],[121.53374,25.071661],[121.533825,25.071782],[121.53392,25.071894],[121.534026,25.071988]],[[121.534026,25.071988],[121.534222,25.072131],[121.534447,25.072287],[121.534715,25.072433],[121.534973,25.072539],[121.535174,25.072602]],[[121.533591,25.069976],[121.533579,25.070548],[121.533542,25.070944]]]},"properties":{"id":"r49074711","title":"建國高架 → 國道1號（西向）","name":"圓山交流道","kind":"系統","dir":"西向","surface":["松江路"],"road":["建國快速道路","中山高速公路"],"from":["建國快速道路"],"to":["中山高速公路"],"lanes":1,"destination":"基隆;濱江街","layer":"1","point":[121.53383,25.067652],"ways":[49074711,49134109,49134110,49134123,425635504,425635505,1330349850]}},{"type":"Feature","geometry":{"type":"MultiLineString","coordinates":[[[121.538039,25.038563],[121.538039,25.039094],[121.538002,25.039533],[121.537933,25.039927],[121.537904,25.040049],[121.537765,25.040416],[121.537568,25.040743]],[[121.538054,25.0382],[121.538035,25.038291],[121.538041,25.03834],[121.538039,25.038563]]]},"properties":{"id":"r137954845","title":"建國高架 北向入口（仁愛路三段）","name":null,"kind":"入口","dir":"北向","surface":["仁愛路三段"],"road":["建國快速道路"],"from":[],"to":["建國快速道路"],"lanes":1,"destination":null,"layer":"1","point":[121.538054,25.0382],"ways":[137954845,137954846]}},{"type":"Feature","geometry":{"type":"MultiLineString","coordinates":[[[121.537932,25.022867],[121.537819,25.022844]]]},"properties":{"id":"r49695621","title":"建國高架 北向入口（辛亥路二段）","name":null,"kind":"入口","dir":"北向","surface":["辛亥路二段"],"road":["建國快速道路"],"from":[],"to":["建國快速道路"],"lanes":null,"destination":null,"layer":null,"point":[121.537932,25.022867],"ways":[49695621]}},{"type":"Feature","geometry":{"type":"MultiLineString","coordinates":[[[121.537247,25.041778],[121.537197,25.041898],[121.537154,25.042002]],[[121.537154,25.042002],[121.537015,25.042385],[121.536921,25.042718],[121.536861,25.042983],[121.536807,25.043387],[121.536775,25.043859],[121.536689,25.044471]],[[121.537309,25.041628],[121.537247,25.041778]]]},"properties":{"id":"r48794887","title":"建國高架 北向入口（忠孝東路三段）","name":null,"kind":"入口","dir":"北向","surface":["忠孝東路三段"],"road":["建國快速道路"],"from":[],"to":["建國快速道路"],"lanes":2,"destination":null,"layer":"1","point":[121.537309,25.041628],"ways":[48794887,49073297,910567293]}},{"type":"Feature","geometry":{"type":"MultiLineString","coordinates":[[[121.536971,25.053309],[121.536987,25.054773],[121.536944,25.055092]],[[121.536964,25.052688],[121.536971,25.053309]],[[121.537028,25.052273],[121.536964,25.052688]]]},"properties":{"id":"r300896737","title":"建國高架 北向入口（建國北路二段）","name":null,"kind":"入口","dir":"北向","surface":["建國北路二段"],"road":["建國快速道路"],"from":[],"to":["建國快速道路"],"lanes":null,"destination":null,"layer":"1","point":[121.537028,25.052273],"ways":[300896737,1290411619,1290411620]}},{"type":"Feature","geometry":{"type":"MultiLineString","coordinates":[[[121.538045,25.034499],[121.537989,25.034759],[121.538001,25.036848],[121.537928,25.037275]]]},"properties":{"id":"r300896734","title":"建國高架 北向入口（建國南路一段）","name":null,"kind":"入口","dir":"北向","surface":["建國南路一段"],"road":["建國快速道路"],"from":[],"to":["建國快速道路"],"lanes":null,"destination":null,"layer":"1","point":[121.538045,25.034499],"ways":[300896734]}},{"type":"Feature","geometry":{"type":"MultiLineString","coordinates":[[[121.537884,25.022675],[121.537991,25.02272]]]},"properties":{"id":"r1456622330","title":"建國高架 北向出口（辛亥路二段）","name":null,"kind":"出口","dir":"北向","surface":["辛亥路二段"],"road":["建國快速道路"],"from":["建國快速道路"],"to":[],"lanes":null,"destination":null,"layer":null,"point":[121.537884,25.022675],"ways":[1456622330]}},{"type":"Feature","geometry":{"type":"MultiLineString","coordinates":[[[121.53681,25.048564],[121.536914,25.049419],[121.536935,25.051071],[121.537029,25.051495]]]},"properties":{"id":"r49710766","title":"建國高架 北向出口（建國北路一段）","name":null,"kind":"出口","dir":"北向","surface":["建國北路一段"],"road":["建國快速道路"],"from":["建國快速道路"],"to":[],"lanes":null,"destination":"南京東路","layer":"1","point":[121.53681,25.048564],"ways":[49710766]}},{"type":"Feature","geometry":{"type":"MultiLineString","coordinates":[[[121.536727,25.045687],[121.53686,25.046483],[121.536896,25.047699]],[[121.536896,25.047699],[121.536902,25.048266],[121.536902,25.048276],[121.536924,25.048365],[121.536935,25.048413]]]},"properties":{"id":"r49710833","title":"建國高架 北向出口（建國北路一段）","name":null,"kind":"出口","dir":"北向","surface":["建國北路一段"],"road":["建國快速道路"],"from":["建國快速道路"],"to":[],"lanes":2,"destination":"長安東路","layer":"1","point":[121.536727,25.045687],"ways":[49710833,49710835]}},{"type":"Feature","geometry":{"type":"MultiLineString","coordinates":[[[121.537105,25.06128],[121.537115,25.061477],[121.537136,25.061608],[121.537238,25.061829]],[[121.536968,25.05825],[121.53703,25.058904],[121.537105,25.06128]]]},"properties":{"id":"r50823648","title":"建國高架 北向出口（建國北路二段151巷）","name":null,"kind":"出口","dir":"北向","surface":["建國北路二段151巷"],"road":["建國快速道路"],"from":["建國快速道路"],"to":[],"lanes":null,"destination":"民權東路","layer":"1","point":[121.536968,25.05825],"ways":[50823648,50823657]}},{"type":"Feature","geometry":{"type":"MultiLineString","coordinates":[[[121.530668,25.021027],[121.530417,25.020879],[121.530265,25.020788],[121.530086,25.020683]]]},"properties":{"id":"r49749169","title":"建國高架 西向出口（辛亥路一段）","name":null,"kind":"出口","dir":"西向","surface":["辛亥路一段"],"road":["建國快速道路"],"from":["建國快速道路"],"to":[],"lanes":1,"destination":"羅斯福路","layer":null,"point":[121.530668,25.021027],"ways":[49749169]}},{"type":"Feature","geometry":{"type":"MultiLineString","coordinates":[[[121.530053,25.020113],[121.530317,25.020382],[121.530818,25.020915]]]},"properties":{"id":"r49749170","title":"建國高架 東向入口（辛亥路一段）","name":null,"kind":"入口","dir":"東向","surface":["辛亥路一段"],"road":["建國快速道路"],"from":[],"to":["建國快速道路"],"lanes":1,"destination":null,"layer":null,"point":[121.530053,25.020113],"ways":[49749170]}},{"type":"Feature","geometry":{"type":"MultiLineString","coordinates":[[[121.534017,25.067392],[121.534171,25.067218],[121.534735,25.066788],[121.535938,25.065848],[121.536154,25.065659]],[[121.536321,25.065488],[121.536459,25.065233],[121.536547,25.06496],[121.536563,25.064911]],[[121.536154,25.065659],[121.536321,25.065488]]]},"properties":{"id":"r260284692","title":"建國高架 東向出口（建國北路三段）","name":null,"kind":"出口","dir":"東向","surface":["建國北路三段"],"road":["建國快速道路"],"from":["建國快速道路"],"to":[],"lanes":null,"destination":"民權東路","layer":"1","point":[121.534017,25.067392],"ways":[260284692,413973865,674931330]}},{"type":"Feature","geometry":{"type":"MultiLineString","coordinates":[[[121.530306,25.020551],[121.530788,25.020989],[121.531012,25.021204]],[[121.531704,25.021786],[121.53179,25.02184],[121.532086,25.022025],[121.532268,25.022111],[121.532439,25.022145],[121.532572,25.02215],[121.532736,25.022103]],[[121.532691,25.022557],[121.532582,25.022461],[121.532524,25.02241],[121.532493,25.02238],[121.532448,25.022337],[121.532375,25.022252],[121.532245,25.02215],[121.53206,25.022057],[121.531783,25.021847],[121.531704,25.021786]],[[121.531012,25.021204],[121.530756,25.021012],[121.530334,25.020689]],[[121.531012,25.021204],[121.531592,25.021692],[121.531704,25.021786]]]},"properties":{"id":"r313685958","title":"建國高架 東向雙向（辛亥路一段）","name":null,"kind":"雙向","dir":"東向","surface":["辛亥路一段"],"road":["建國快速道路"],"from":["建國快速道路"],"to":["建國快速道路"],"lanes":2,"destination":null,"layer":null,"point":[121.530306,25.020551],"ways":[313685958,313685959,313685960,313685961,313685962]}},{"type":"Feature","geometry":{"type":"MultiLineString","coordinates":[[[121.531972,25.071964],[121.532044,25.071963],[121.532141,25.071925],[121.53234,25.071873]],[[121.53234,25.071873],[121.532449,25.071841],[121.532547,25.071793],[121.532635,25.071734],[121.532703,25.071675],[121.532772,25.071604]],[[121.532772,25.071604],[121.532861,25.071483],[121.532942,25.071365],[121.533008,25.071253],[121.53308,25.071103],[121.533134,25.070941],[121.533174,25.070797],[121.533211,25.070633],[121.533222,25.070503],[121.533294,25.0702]]]},"properties":{"id":"r98718119","title":"建國高架 南向入口（松江路）","name":"建國快速道路","kind":"入口","dir":"南向","surface":["松江路"],"road":["建國快速道路"],"from":[],"to":["建國快速道路"],"lanes":1,"destination":null,"layer":"-1","point":[121.531972,25.071964],"ways":[98718119,98718120,98718121]}},{"type":"Feature","geometry":{"type":"MultiLineString","coordinates":[[[121.536588,25.048393],[121.536584,25.04828],[121.536563,25.047717]],[[121.536563,25.047717],[121.536528,25.046522],[121.536608,25.045686]]]},"properties":{"id":"r49073271","title":"建國高架 南向入口（長安東路二段）","name":null,"kind":"入口","dir":"南向","surface":["長安東路二段"],"road":["建國快速道路"],"from":[],"to":["建國快速道路"],"lanes":null,"destination":null,"layer":"1","point":[121.536588,25.048393],"ways":[49073271,49710834]}},{"type":"Feature","geometry":{"type":"MultiLineString","coordinates":[[[121.536696,25.053771],[121.536651,25.051558],[121.536728,25.05103]],[[121.536712,25.054606],[121.536696,25.053771]],[[121.536626,25.054762],[121.536697,25.054629],[121.536712,25.054606]]]},"properties":{"id":"r300896738","title":"建國高架 南向入口（建國北路二段）","name":null,"kind":"入口","dir":"南向","surface":["建國北路二段"],"road":["建國快速道路"],"from":[],"to":["建國快速道路"],"lanes":1,"destination":null,"layer":"1","point":[121.536626,25.054762],"ways":[300896738,1290411621,1290411622]}},{"type":"Feature","geometry":{"type":"MultiLineString","coordinates":[[[121.536889,25.061296],[121.536845,25.058931],[121.536883,25.058245]],[[121.536794,25.061755],[121.536847,25.061606],[121.536869,25.061491],[121.536889,25.061296]]]},"properties":{"id":"r50823647","title":"建國高架 南向入口（建國北路二段258巷）","name":null,"kind":"入口","dir":"南向","surface":["建國北路二段258巷"],"road":["建國快速道路"],"from":[],"to":["建國快速道路"],"lanes":1,"destination":null,"layer":"1","point":[121.536794,25.061755],"ways":[50823647,50823656]}},{"type":"Feature","geometry":{"type":"MultiLineString","coordinates":[[[121.537746,25.038658],[121.537745,25.038523],[121.537748,25.038337],[121.537746,25.03829],[121.537693,25.038205]],[[121.5373,25.041077],[121.537399,25.040627],[121.537526,25.0403],[121.537637,25.039937],[121.537709,25.039627],[121.53776,25.039242],[121.537746,25.038658]]]},"properties":{"id":"r137954843","title":"建國高架 南向出口（仁愛路三段）","name":null,"kind":"出口","dir":"南向","surface":["仁愛路三段"],"road":["建國快速道路"],"from":["建國快速道路"],"to":[],"lanes":null,"destination":"仁愛路","layer":"1","point":[121.5373,25.041077],"ways":[137954843,137954844]}},{"type":"Feature","geometry":{"type":"MultiLineString","coordinates":[[[121.5377,25.029541],[121.537629,25.029074],[121.537583,25.026683],[121.537578,25.026204]],[[121.537578,25.026204],[121.53749,25.025852],[121.537467,25.025761]]]},"properties":{"id":"r551458785","title":"建國高架 南向出口（和平東路二段）","name":null,"kind":"出口","dir":"南向","surface":["和平東路二段"],"road":["建國快速道路"],"from":["建國快速道路"],"to":[],"lanes":null,"destination":"和平東路","layer":"1","point":[121.5377,25.029541],"ways":[551458785,551458786]}},{"type":"Feature","geometry":{"type":"MultiLineString","coordinates":[[[121.536568,25.044432],[121.536448,25.044006],[121.536477,25.043456],[121.536487,25.043242],[121.536522,25.043006],[121.536575,25.042739],[121.536622,25.042557],[121.536676,25.042371],[121.536754,25.042153]],[[121.536754,25.042153],[121.536854,25.041935],[121.536905,25.041811]],[[121.536905,25.041811],[121.536963,25.041655]]]},"properties":{"id":"r48794890","title":"建國高架 南向出口（忠孝東路三段）","name":null,"kind":"出口","dir":"南向","surface":["忠孝東路三段"],"road":["建國快速道路"],"from":["建國快速道路"],"to":[],"lanes":null,"destination":"忠孝東路","layer":"1","point":[121.536568,25.044432],"ways":[48794890,49073270,252657367]}},{"type":"Feature","geometry":{"type":"MultiLineString","coordinates":[[[121.537729,25.035706],[121.537727,25.035548],[121.537697,25.035335],[121.537655,25.035158],[121.537605,25.034986]],[[121.537822,25.037796],[121.537758,25.037144],[121.537729,25.035706]]]},"properties":{"id":"r300896733","title":"建國高架 南向出口（建國南路一段）","name":null,"kind":"出口","dir":"南向","surface":["建國南路一段"],"road":["建國快速道路"],"from":["建國快速道路"],"to":[],"lanes":null,"destination":"信義路","layer":"1","point":[121.537822,25.037796],"ways":[300896733,300896736]}},{"type":"Feature","geometry":{"type":"MultiLineString","coordinates":[[[121.498637,25.111406],[121.498643,25.111521],[121.498659,25.111605],[121.498681,25.111673],[121.498712,25.11174],[121.498749,25.111793],[121.498797,25.111844],[121.498862,25.111884]],[[121.499032,25.106123],[121.498931,25.10662],[121.498913,25.107004],[121.498882,25.107236]],[[121.498857,25.111977],[121.498783,25.111923],[121.498729,25.111861],[121.498674,25.111775],[121.498638,25.111677],[121.498626,25.111592],[121.498628,25.111516],[121.498637,25.111406]],[[121.498637,25.111406],[121.498705,25.110663],[121.498764,25.109975],[121.498836,25.108323],[121.498882,25.107236]],[[121.498882,25.107236],[121.498821,25.106382]]]},"properties":{"id":"r137326781","title":"洲美快速道路 → 洲美快速道路（北向）","name":null,"kind":"系統","dir":"北向","surface":["立賢路","洲美街"],"road":["洲美快速道路"],"from":["洲美快速道路"],"to":["洲美快速道路"],"lanes":2,"destination":"承德路","layer":"3","point":[121.499032,25.106123],"ways":[137326781,137326784,137326797,376454721,1118328900]}},{"type":"Feature","geometry":{"type":"MultiLineString","coordinates":[[[121.497345,25.09541],[121.497332,25.095561],[121.497335,25.095801],[121.497381,25.096111],[121.497542,25.096623],[121.497697,25.097084],[121.497703,25.097296]],[[121.497519,25.094702],[121.497473,25.094816]],[[121.497473,25.094816],[121.497408,25.095047],[121.497354,25.09531],[121.497345,25.09541]]]},"properties":{"id":"r887040358","title":"洲美快速道路 北向入口（延平北路七段）","name":null,"kind":"入口","dir":"北向","surface":["延平北路七段"],"road":["洲美快速道路"],"from":[],"to":["洲美快速道路"],"lanes":1,"destination":null,"layer":"3","point":[121.497519,25.094702],"ways":[887040358,1133685534,1133685538]}},{"type":"Feature","geometry":{"type":"MultiLineString","coordinates":[[[121.499258,25.103145],[121.499243,25.103493],[121.499156,25.104854],[121.499064,25.105263]],[[121.499963,25.101615],[121.499816,25.101775],[121.499689,25.101895],[121.499576,25.101965],[121.49946,25.102012],[121.499316,25.102031],[121.499197,25.102014],[121.499101,25.101976],[121.498999,25.101912],[121.498912,25.10181],[121.498846,25.101661],[121.498818,25.101525],[121.498778,25.101175],[121.49871,25.100828],[121.498504,25.100204]],[[121.50099,25.101185],[121.50082,25.101177],[121.50067,25.101183],[121.500516,25.101188],[121.500318,25.101228],[121.500126,25.101289],[121.499966,25.101362],[121.499836,25.101446],[121.499671,25.101587],[121.499545,25.101717],[121.499436,25.101877],[121.499364,25.102062],[121.499318,25.102214]],[[121.50099,25.101185],[121.500823,25.101215],[121.500671,25.101241],[121.500511,25.101284],[121.500343,25.101333],[121.500199,25.101402],[121.500087,25.101488],[121.499963,25.101615]],[[121.504389,25.10132],[121.502458,25.101239],[121.50099,25.101185]],[[121.498504,25.100204],[121.498176,25.099051]],[[121.505929,25.101399],[121.505736,25.101351],[121.505606,25.101348]],[[121.505606,25.101348],[121.504389,25.10132]],[[121.499318,25.102214],[121.499292,25.102391],[121.499258,25.103145]]]},"properties":{"id":"r137326794","title":"洲美快速道路 北向入口（福國路）","name":"福國路高架","kind":"入口","dir":"北向","surface":["福國路"],"road":["洲美快速道路"],"from":[],"to":["洲美快速道路"],"lanes":2,"destination":"北投;淡水","layer":"3","point":[121.505929,25.101399],"ways":[137326794,137326799,287016290,287016293,287016296,1118303770,1118308296,1130853344,1133685543]}},{"type":"Feature","geometry":{"type":"MultiLineString","coordinates":[[[121.499926,25.119303],[121.499912,25.119834],[121.499882,25.120145],[121.49984,25.120435],[121.499753,25.120907],[121.49904,25.124176],[121.498935,25.124552],[121.498783,25.124998]],[[121.498529,25.125726],[121.49853,25.12582],[121.498532,25.125895]],[[121.498783,25.124998],[121.498529,25.125726]]]},"properties":{"id":"r30471026","title":"洲美快速道路 北向出口（大業路）","name":null,"kind":"出口","dir":"北向","surface":["大業路"],"road":["洲美快速道路"],"from":["洲美快速道路"],"to":[],"lanes":2,"destination":null,"layer":"2","point":[121.499926,25.119303],"ways":[30471026,136183928,137326783]}},{"type":"Feature","geometry":{"type":"MultiLineString","coordinates":[[[121.499631,25.120957],[121.499667,25.120793],[121.49971,25.120439],[121.499718,25.120226],[121.499708,25.119763]],[[121.499708,25.119763],[121.499699,25.119187],[121.499717,25.118388],[121.499718,25.117412]],[[121.499718,25.117412],[121.499745,25.116643],[121.499785,25.116357]]]},"properties":{"id":"r30471059","title":"洲美快速道路 南向入口（大度路一段）","name":null,"kind":"入口","dir":"南向","surface":["大度路一段"],"road":["洲美快速道路"],"from":[],"to":["洲美快速道路"],"lanes":2,"destination":null,"layer":"1","point":[121.499631,25.120957],"ways":[30471059,137326806,1118563194]}},{"type":"Feature","geometry":{"type":"MultiLineString","coordinates":[[[121.497115,25.094868],[121.497159,25.09467]],[[121.497143,25.096473],[121.497088,25.096306],[121.497022,25.095974],[121.496996,25.095698],[121.497008,25.095434],[121.497015,25.095383]],[[121.497739,25.097859],[121.497579,25.097614],[121.497198,25.09664],[121.497143,25.096473]],[[121.497015,25.095383],[121.497055,25.095122],[121.497115,25.094868]]]},"properties":{"id":"r887040356","title":"洲美快速道路 南向出口（延平北路七段）","name":null,"kind":"出口","dir":"南向","surface":["延平北路七段"],"road":["洲美快速道路"],"from":["洲美快速道路"],"to":[],"lanes":2,"destination":null,"layer":"3","point":[121.497739,25.097859],"ways":[887040356,887040359,1133685533,1133685535]}},{"type":"Feature","geometry":{"type":"MultiLineString","coordinates":[[[121.498867,25.105302],[121.498951,25.104968],[121.498972,25.104495],[121.499031,25.103347],[121.499059,25.102451],[121.499077,25.10218],[121.499125,25.102052],[121.499195,25.101906],[121.499284,25.101784],[121.499464,25.101585],[121.499641,25.101446],[121.499799,25.101343]],[[121.498459,25.099324],[121.498768,25.099919],[121.498976,25.100513],[121.499055,25.10069]],[[121.499055,25.10069],[121.499147,25.1008],[121.499238,25.100879],[121.499348,25.100935],[121.499493,25.100978],[121.499635,25.101003],[121.499903,25.101029],[121.500551,25.101048],[121.501,25.101089]],[[121.499799,25.101343],[121.499962,25.101275],[121.500136,25.101212],[121.500313,25.101171],[121.500536,25.101124],[121.501,25.101089]],[[121.501,25.101089],[121.502462,25.101145],[121.504395,25.101253]],[[121.505612,25.101299],[121.50594,25.101265]],[[121.504395,25.101253],[121.505612,25.101299]]]},"properties":{"id":"r137326792","title":"洲美快速道路 南向出口（福國路）","name":"福國路高架","kind":"出口","dir":"南向","surface":["福國路"],"road":["洲美快速道路"],"from":["洲美快速道路"],"to":[],"lanes":2,"destination":"福國路","layer":"2","point":[121.498867,25.105302],"ways":[137326792,137326796,287016291,287016292,287016297,1118308295,1130853345]}},{"type":"Feature","geometry":{"type":"MultiLineString","coordinates":[[[121.532471,25.008758],[121.532951,25.008974],[121.533148,25.009047],[121.533287,25.009083],[121.533412,25.009114]],[[121.533412,25.009114],[121.533522,25.009113],[121.533685,25.009082],[121.533781,25.009048],[121.533842,25.00899],[121.533897,25.008926],[121.533946,25.008868],[121.533974,25.0088],[121.533977,25.008728],[121.533945,25.008561],[121.533903,25.008464],[121.533867,25.008396],[121.533768,25.008305],[121.533662,25.008256],[121.533512,25.008207],[121.533331,25.008219],[121.533186,25.00828],[121.533075,25.008362],[121.532817,25.008633]]]},"properties":{"id":"r190463121","title":"基隆路高架 → 水源快速道路（東向）","name":null,"kind":"系統","dir":"東向","surface":[],"road":["基隆路高架道路","水源快速道路"],"from":["基隆路高架道路"],"to":["水源快速道路"],"lanes":null,"destination":null,"layer":"2","point":[121.532471,25.008758],"ways":[190463121,193253423]}},{"type":"Feature","geometry":{"type":"MultiLineString","coordinates":[[[121.533977,25.008585],[121.533911,25.0073],[121.533937,25.006937]],[[121.538582,25.012324],[121.538149,25.011973],[121.537348,25.011347],[121.537223,25.011264],[121.537176,25.011242],[121.537118,25.011218]],[[121.533977,25.008728],[121.533977,25.008585]],[[121.539506,25.013129],[121.538582,25.012324]],[[121.533937,25.006937],[121.533961,25.00659],[121.533976,25.006415],[121.534023,25.00624]],[[121.540097,25.013785],[121.540009,25.013581],[121.539943,25.013506],[121.539551,25.013168],[121.539506,25.013129]],[[121.537522,25.011565],[121.537475,25.011488],[121.537319,25.011363],[121.537187,25.011274],[121.537118,25.011218]],[[121.537118,25.011218],[121.53696,25.011158],[121.536682,25.01109],[121.536273,25.010991],[121.536068,25.010937],[121.535892,25.010873],[121.535643,25.010744],[121.535353,25.010584],[121.534987,25.010378],[121.534699,25.010214],[121.534543,25.010101],[121.534429,25.009989],[121.534315,25.00984],[121.534194,25.009628],[121.534141,25.009477],[121.534102,25.009291],[121.534074,25.008981],[121.533988,25.007528],[121.533969,25.007266],[121.533937,25.006937]]]},"properties":{"id":"r28875831","title":"基隆路高架 → 水源快速道路／未命名主線（西向）","name":null,"kind":"系統","dir":"西向","surface":["基隆路四段"],"road":["基隆路高架道路","水源快速道路","未命名主線"],"from":["基隆路高架道路"],"to":["水源快速道路","未命名主線"],"lanes":null,"destination":"景美;新店","layer":"3","point":[121.537522,25.011565],"ways":[28875831,193253432,193253437,229193788,229193789,229193791,229801684,312614613]}},{"type":"Feature","geometry":{"type":"MultiLineString","coordinates":[[[121.54376,25.016729],[121.544293,25.01717],[121.544313,25.017187],[121.54435,25.017217]],[[121.541547,25.014795],[121.541866,25.015135],[121.542234,25.015462],[121.54376,25.016729]]]},"properties":{"id":"r50752694","title":"基隆路高架 東向出口（長興街）","name":null,"kind":"出口","dir":"東向","surface":["長興街"],"road":["基隆路高架道路"],"from":["基隆路高架道路"],"to":[],"lanes":2,"destination":null,"layer":"1","point":[121.541547,25.014795],"ways":[50752694,50752698]}},{"type":"Feature","geometry":{"type":"MultiLineString","coordinates":[[[121.546935,25.019379],[121.545845,25.018572]],[[121.545951,25.018509],[121.546935,25.019379]],[[121.546935,25.019379],[121.548108,25.020399]],[[121.548108,25.020399],[121.548481,25.020744],[121.548668,25.020933]],[[121.548668,25.020933],[121.54871,25.020984]]]},"properties":{"id":"r50212704","title":"基隆路高架 東向雙向（敦化南路二段）","name":null,"kind":"雙向","dir":"東向","surface":["敦化南路二段"],"road":["基隆路高架道路"],"from":["基隆路高架道路"],"to":["基隆路高架道路"],"lanes":2,"destination":null,"layer":"1","point":[121.545951,25.018509],"ways":[50212704,50212705,50212706,50212707,721536475]}},{"type":"Feature","geometry":{"type":"MultiLineString","coordinates":[[[121.570499,25.051331],[121.57037,25.051574],[121.570334,25.05178]],[[121.570334,25.05178],[121.570013,25.05368],[121.569973,25.05395],[121.569966,25.054145],[121.57003,25.054309]]]},"properties":{"id":"r51268666","title":"麥帥二橋 北向入口（南京東路五段）","name":null,"kind":"入口","dir":"北向","surface":["南京東路五段"],"road":["麥帥二橋"],"from":[],"to":["麥帥二橋"],"lanes":1,"destination":null,"layer":"1","point":[121.570499,25.051331],"ways":[51268666,51268667]}},{"type":"Feature","geometry":{"type":"MultiLineString","coordinates":[[[121.572352,25.05684],[121.572485,25.056911],[121.572828,25.057155],[121.572942,25.057205],[121.573095,25.057213],[121.573242,25.057179],[121.573373,25.057101],[121.573462,25.056995],[121.57353,25.056866],[121.573744,25.056376],[121.573882,25.056151],[121.574069,25.055897],[121.57423,25.055722],[121.574444,25.055524]],[[121.574444,25.055524],[121.574531,25.055453],[121.574649,25.05533]]]},"properties":{"id":"r51813008","title":"麥帥二橋 北向出口（堤頂大道一段）","name":null,"kind":"出口","dir":"北向","surface":["堤頂大道一段"],"road":["麥帥二橋"],"from":["麥帥二橋"],"to":[],"lanes":2,"destination":null,"layer":"1","point":[121.572352,25.05684],"ways":[51813008,51813009]}},{"type":"Feature","geometry":{"type":"MultiLineString","coordinates":[[[121.570468,25.055138],[121.570312,25.055057],[121.56998,25.054756],[121.569804,25.054638],[121.569645,25.054566],[121.569464,25.054517],[121.569244,25.054492],[121.56756,25.054372]],[[121.56756,25.054372],[121.567448,25.054382],[121.56741,25.054386]]]},"properties":{"id":"r48793392","title":"麥帥二橋 南向出口（健康路）","name":null,"kind":"出口","dir":"南向","surface":["健康路"],"road":["麥帥二橋"],"from":["麥帥二橋"],"to":[],"lanes":1,"destination":null,"layer":"1","point":[121.570468,25.055138],"ways":[48793392,48793393]}},{"type":"Feature","geometry":{"type":"MultiLineString","coordinates":[[[121.573978,25.056192],[121.574156,25.055967],[121.574349,25.05576],[121.574621,25.055519],[121.574901,25.055324],[121.575192,25.055161],[121.575466,25.055045],[121.575693,25.05497],[121.575929,25.054915],[121.576185,25.054875],[121.576386,25.054864],[121.576611,25.05487],[121.576825,25.05489],[121.577057,25.054924],[121.577302,25.054985],[121.577532,25.055064],[121.577811,25.055187],[121.579823,25.056264]],[[121.572407,25.063908],[121.572459,25.063472],[121.572496,25.063257],[121.572759,25.061816],[121.572802,25.061606],[121.572871,25.061334],[121.573096,25.060643],[121.573142,25.060468],[121.573377,25.059106],[121.573432,25.058694],[121.57348,25.058241],[121.573496,25.057634],[121.573504,25.057481],[121.573525,25.057314],[121.573557,25.057129],[121.573619,25.056909],[121.573687,25.056722],[121.573819,25.056449],[121.573978,25.056192]],[[121.572269,25.064462],[121.572379,25.064101],[121.572407,25.063908]],[[121.579823,25.056264],[121.580118,25.056355]]]},"properties":{"id":"r51813007","title":"堤頂大道一段 → 環東大道（南向）","name":null,"kind":"系統","dir":"南向","surface":[],"road":["堤頂大道一段","環東大道"],"from":["堤頂大道一段"],"to":["環東大道"],"lanes":3,"destination":null,"layer":"1","point":[121.572269,25.064462],"ways":[51813007,51813013,51813020,160307898]}},{"type":"Feature","geometry":{"type":"MultiLineString","coordinates":[[[121.573891,25.072567],[121.573808,25.072644],[121.573713,25.072713],[121.57361,25.072765],[121.5735,25.072805],[121.5734,25.072829],[121.573323,25.072838],[121.573141,25.072834]]]},"properties":{"id":"r48769253","title":"堤頂大道一段 北向入口（舊宗路二段）","name":"舊宗路二段","kind":"入口","dir":"北向","surface":["舊宗路二段"],"road":["堤頂大道一段"],"from":[],"to":["堤頂大道一段"],"lanes":3,"destination":null,"layer":null,"point":[121.573891,25.072567],"ways":[48769253]}},{"type":"Feature","geometry":{"type":"MultiLineString","coordinates":[[[121.573477,25.070169],[121.573533,25.070214],[121.573607,25.070251],[121.573655,25.07027],[121.573703,25.070283],[121.573751,25.07029],[121.573814,25.070298],[121.573908,25.070294],[121.574075,25.070263],[121.574223,25.070223],[121.574347,25.070181],[121.574448,25.07013],[121.574504,25.070089],[121.574548,25.070046],[121.574593,25.069989],[121.574623,25.069941]],[[121.573267,25.069871],[121.573349,25.069961],[121.573403,25.070079],[121.573416,25.070099],[121.573477,25.070169]],[[121.574623,25.069941],[121.574645,25.0699],[121.574664,25.069869]]]},"properties":{"id":"r1387723160","title":"堤頂大道一段 北向出口","name":"堤頂交流道","kind":"出口","dir":"北向","surface":[],"road":["堤頂大道一段"],"from":["堤頂大道一段"],"to":[],"lanes":1,"destination":null,"layer":null,"point":[121.573267,25.069871],"ways":[1387723160,1413175489,1413175490]}},{"type":"Feature","geometry":{"type":"MultiLineString","coordinates":[[[121.573262,25.070817],[121.573341,25.071369],[121.573358,25.071491],[121.573358,25.071818],[121.573367,25.072015],[121.57338,25.072156],[121.573393,25.072207],[121.573418,25.072256],[121.573464,25.072309],[121.573517,25.072346],[121.573592,25.072375],[121.573661,25.072385],[121.573749,25.072375],[121.573815,25.072349],[121.573875,25.072308],[121.574081,25.072105]],[[121.573026,25.072737],[121.573168,25.072718],[121.573525,25.072671],[121.573585,25.07266],[121.573642,25.072642],[121.573693,25.072618],[121.573755,25.072574],[121.57382,25.072515],[121.573886,25.072433],[121.574081,25.072105]]]},"properties":{"id":"r48769254","title":"堤頂大道一段 北向出口（舊宗路二段）","name":"舊宗路二段","kind":"出口","dir":"北向","surface":["舊宗路二段"],"road":["堤頂大道一段"],"from":["堤頂大道一段"],"to":[],"lanes":2,"destination":null,"layer":null,"point":[121.573262,25.070817],"ways":[48769254,48769269]}},{"type":"Feature","geometry":{"type":"MultiLineString","coordinates":[[[121.573141,25.072834],[121.573229,25.072988],[121.573236,25.073175],[121.573233,25.073342],[121.573218,25.073434],[121.573198,25.073495],[121.573079,25.07371]]]},"properties":{"id":"r338634180","title":"堤頂大道一段 北向出口（舊宗路二段）","name":null,"kind":"出口","dir":"北向","surface":["舊宗路二段"],"road":["堤頂大道一段"],"from":["堤頂大道一段"],"to":[],"lanes":1,"destination":null,"layer":null,"point":[121.573141,25.072834],"ways":[338634180]}},{"type":"Feature","geometry":{"type":"MultiLineString","coordinates":[[[121.530165,25.043709],[121.530174,25.04377],[121.530186,25.043819],[121.530237,25.044023]],[[121.530237,25.044023],[121.530403,25.044595],[121.530513,25.044964],[121.530702,25.045629]],[[121.530702,25.045629],[121.530812,25.046204]]]},"properties":{"id":"r51362389","title":"新生高架 北向入口（金山北路）","name":null,"kind":"入口","dir":"北向","surface":["金山北路"],"road":["新生高架道路"],"from":[],"to":["新生高架道路"],"lanes":1,"destination":null,"layer":"1","point":[121.530165,25.043709],"ways":[51362389,51362398,1132433053]}},{"type":"Feature","geometry":{"type":"MultiLineString","coordinates":[[[121.529313,25.040983],[121.52929,25.041046],[121.529358,25.04133]]]},"properties":{"id":"r51285123","title":"新生高架 北向入口（金山南路一段）","name":null,"kind":"入口","dir":"北向","surface":["金山南路一段"],"road":["新生高架道路"],"from":[],"to":["新生高架道路"],"lanes":null,"destination":null,"layer":null,"point":[121.529313,25.040983],"ways":[51285123]}},{"type":"Feature","geometry":{"type":"MultiLineString","coordinates":[[[121.52914,25.049035],[121.528912,25.049384],[121.528775,25.049609],[121.52864,25.049862],[121.528278,25.050613]],[[121.529244,25.048948],[121.52914,25.049035]],[[121.528278,25.050613],[121.528136,25.05095],[121.527968,25.051258]]]},"properties":{"id":"r51289044","title":"新生高架 北向入口（新生北路一段）","name":null,"kind":"入口","dir":"北向","surface":["新生北路一段"],"road":["新生高架道路"],"from":[],"to":["新生高架道路"],"lanes":2,"destination":null,"layer":"1","point":[121.529244,25.048948],"ways":[51289044,260152346,1132431143]}},{"type":"Feature","geometry":{"type":"MultiLineString","coordinates":[[[121.528027,25.069849],[121.528006,25.070651],[121.527999,25.070819],[121.52798,25.070988],[121.527925,25.071118]],[[121.528064,25.068838],[121.528007,25.068928]],[[121.528007,25.068928],[121.528027,25.069849]]]},"properties":{"id":"r50202902","title":"新生高架 北向入口（新生北路三段）","name":null,"kind":"入口","dir":"北向","surface":["新生北路三段"],"road":["新生高架道路"],"from":[],"to":["新生高架道路"],"lanes":1,"destination":null,"layer":"2","point":[121.528064,25.068838],"ways":[50202902,1052026705,1132431148]}},{"type":"Feature","geometry":{"type":"MultiLineString","coordinates":[[[121.527869,25.062848],[121.527802,25.062988],[121.527864,25.064682]],[[121.527864,25.064682],[121.527817,25.065052]]]},"properties":{"id":"r381680997","title":"新生高架 北向入口（新生北路三段）","name":null,"kind":"入口","dir":"北向","surface":["新生北路三段"],"road":["新生高架道路"],"from":[],"to":["新生高架道路"],"lanes":1,"destination":null,"layer":"1","point":[121.527869,25.062848],"ways":[381680997,1132431146]}},{"type":"Feature","geometry":{"type":"MultiLineString","coordinates":[[[121.530998,25.046698],[121.531011,25.046775],[121.53101,25.046844],[121.531003,25.046904],[121.530992,25.046953],[121.530968,25.04702],[121.530939,25.047076],[121.530906,25.047136],[121.530861,25.047194],[121.530738,25.04731],[121.530406,25.047597],[121.530089,25.04789]],[[121.530089,25.04789],[121.530015,25.047971],[121.529978,25.048072]],[[121.530884,25.046425],[121.530927,25.046513],[121.530965,25.046605],[121.530998,25.046698]]]},"properties":{"id":"r51289047","title":"新生高架 北向出口（新生北路一段）","name":null,"kind":"出口","dir":"北向","surface":["新生北路一段"],"road":["新生高架道路"],"from":["新生高架道路"],"to":[],"lanes":1,"destination":"長安東路","layer":"1","point":[121.530884,25.046425],"ways":[51289047,51362432,1132431808]}},{"type":"Feature","geometry":{"type":"MultiLineString","coordinates":[[[121.527641,25.054519],[121.527713,25.057324],[121.52777,25.057502]],[[121.527571,25.053905],[121.527641,25.054519]]]},"properties":{"id":"r317839328","title":"新生高架 北向出口（新生北路二段）","name":"新生高架道路","kind":"出口","dir":"北向","surface":["新生北路二段"],"road":["新生高架道路"],"from":["新生高架道路"],"to":[],"lanes":null,"destination":"民生東路","layer":"1","point":[121.527571,25.053905],"ways":[317839328,1132431144]}},{"type":"Feature","geometry":{"type":"MultiLineString","coordinates":[[[121.525462,25.076966],[121.525405,25.076963],[121.52534,25.076932],[121.525214,25.07686]],[[121.525083,25.076765],[121.525068,25.076742],[121.525052,25.076701],[121.52505,25.076668],[121.525053,25.076623],[121.525063,25.076574],[121.525209,25.076175]],[[121.525209,25.076175],[121.525405,25.075601],[121.525457,25.075439],[121.525477,25.075374],[121.525496,25.075292],[121.525509,25.075175]],[[121.525214,25.07686],[121.52518,25.076835],[121.525143,25.07681],[121.52511,25.076789],[121.525083,25.076765]]]},"properties":{"id":"r317838356","title":"新生高架 南向入口","name":null,"kind":"入口","dir":"南向","surface":[],"road":["新生高架道路"],"from":[],"to":["新生高架道路"],"lanes":1,"destination":null,"layer":"1","point":[121.525462,25.076966],"ways":[317838356,317838357,317838359,858961973]}},{"type":"Feature","geometry":{"type":"MultiLineString","coordinates":[[[121.529752,25.047943],[121.530277,25.047421],[121.530643,25.047127]],[[121.529595,25.048045],[121.529752,25.047943]],[[121.530643,25.047127],[121.530697,25.04707],[121.530727,25.047036],[121.530758,25.046993],[121.530792,25.046936],[121.530813,25.046883],[121.530829,25.046827],[121.530839,25.046754],[121.530841,25.046664]]]},"properties":{"id":"r51362434","title":"新生高架 南向入口（新生北路一段）","name":null,"kind":"入口","dir":"南向","surface":["新生北路一段"],"road":["新生高架道路"],"from":[],"to":["新生高架道路"],"lanes":1,"destination":null,"layer":"1","point":[121.529595,25.048045],"ways":[51362434,244450335,1132431141]}},{"type":"Feature","geometry":{"type":"MultiLineString","coordinates":[[[121.527661,25.067949],[121.527749,25.067801],[121.527757,25.067668]],[[121.527757,25.067668],[121.527736,25.066152],[121.527719,25.065813]],[[121.527719,25.065813],[121.527754,25.065476]]]},"properties":{"id":"r50823645","title":"新生高架 南向入口（新生北路三段）","name":null,"kind":"入口","dir":"南向","surface":["新生北路三段"],"road":["新生高架道路"],"from":[],"to":["新生高架道路"],"lanes":1,"destination":null,"layer":"1","point":[121.527661,25.067949],"ways":[50823645,50823646,1132431147]}},{"type":"Feature","geometry":{"type":"MultiLineString","coordinates":[[[121.530545,25.04583],[121.530119,25.04425]],[[121.530119,25.04425],[121.529968,25.043773],[121.529894,25.043644]],[[121.530666,25.046085],[121.530545,25.04583]]]},"properties":{"id":"r51362381","title":"新生高架 南向出口（金山南路一段）","name":null,"kind":"出口","dir":"南向","surface":["金山南路一段"],"road":["新生高架道路"],"from":["新生高架道路"],"to":[],"lanes":null,"destination":"八德路;忠孝東路","layer":"1","point":[121.530666,25.046085],"ways":[51362381,51362394,1132433052]}},{"type":"Feature","geometry":{"type":"MultiLineString","coordinates":[[[121.528827,25.049121],[121.52887,25.048992]],[[121.528075,25.050549],[121.528301,25.050056],[121.528397,25.049865],[121.528504,25.049667],[121.528631,25.049445],[121.528827,25.049121]],[[121.527908,25.051196],[121.528075,25.050549]]]},"properties":{"id":"r51289043","title":"新生高架 南向出口（新生北路一段）","name":null,"kind":"出口","dir":"南向","surface":["新生北路一段"],"road":["新生高架道路"],"from":["新生高架道路"],"to":[],"lanes":2,"destination":"長安東路","layer":"1","point":[121.527908,25.051196],"ways":[51289043,51289048,1132431142]}},{"type":"Feature","geometry":{"type":"MultiLineString","coordinates":[[[121.527477,25.056717],[121.527449,25.055343]],[[121.527449,25.055343],[121.527389,25.054908]],[[121.527549,25.05745],[121.527477,25.056717]]]},"properties":{"id":"r51285121","title":"新生高架 南向出口（新生北路二段）","name":null,"kind":"出口","dir":"南向","surface":["新生北路二段"],"road":["新生高架道路"],"from":["新生高架道路"],"to":[],"lanes":null,"destination":"長春路","layer":"1","point":[121.527549,25.05745],"ways":[51285121,51285122,1132431145]}},{"type":"Feature","geometry":{"type":"MultiLineString","coordinates":[[[121.526908,25.075763],[121.526906,25.075859],[121.526907,25.075952],[121.526907,25.07606],[121.526922,25.07617],[121.526954,25.076292],[121.526999,25.07637],[121.52707,25.076457],[121.527126,25.076508]],[[121.526861,25.075141],[121.526903,25.075289],[121.526916,25.075441],[121.52691,25.075651],[121.526908,25.075763]],[[121.526098,25.07348],[121.525859,25.073882],[121.525842,25.073933],[121.525832,25.073978],[121.52583,25.074065],[121.525841,25.074133],[121.525858,25.074189],[121.525889,25.074256],[121.525926,25.074316],[121.525997,25.074389],[121.526071,25.074439]],[[121.526071,25.074439],[121.526155,25.074494],[121.526374,25.074614],[121.52656,25.074723],[121.526654,25.074802],[121.52673,25.0749],[121.526861,25.075141]]]},"properties":{"id":"r24836058","title":"新生高架／松江大橋 北向出口（北安路）","name":"新生高架道路","kind":"出口","dir":"北向","surface":["北安路"],"road":["新生高架道路","松江大橋"],"from":["新生高架道路","松江大橋"],"to":[],"lanes":1,"destination":"大直;內湖","layer":"2","point":[121.526098,25.07348],"ways":[24836058,49795879,51338167,1052026706]}},{"type":"Feature","geometry":{"type":"MultiLineString","coordinates":[[[121.527824,25.0708],[121.527827,25.070717],[121.527808,25.07068],[121.527776,25.070617]],[[121.527239,25.071862],[121.527429,25.071636],[121.527605,25.071396],[121.527681,25.071282],[121.527735,25.07118],[121.52778,25.071071],[121.527803,25.070979],[121.527821,25.070824],[121.527824,25.0708]],[[121.526865,25.072395],[121.527105,25.072045],[121.527239,25.071862]]]},"properties":{"id":"r254326528","title":"新生高架／松江大橋 南向出口（新生北路三段）","name":"新生高速道路","kind":"出口","dir":"南向","surface":["新生北路三段"],"road":["新生高架道路","松江大橋"],"from":["新生高架道路","松江大橋"],"to":[],"lanes":1,"destination":null,"layer":"1","point":[121.526865,25.072395],"ways":[254326528,254326529,1132431149]}},{"type":"Feature","geometry":{"type":"MultiLineString","coordinates":[[[121.593582,24.994498],[121.593949,24.995351]],[[121.595388,25.003301],[121.595231,25.003328],[121.595045,25.003349],[121.594871,25.003354],[121.59468,25.003348],[121.59453,25.003333]],[[121.593949,24.995351],[121.594005,24.995493],[121.594075,24.995649],[121.59419,24.995859],[121.594351,24.996119],[121.594497,24.996345]],[[121.594497,24.996345],[121.594644,24.996534],[121.594812,24.996722],[121.594986,24.996903],[121.595191,24.997095],[121.595516,24.99738],[121.595658,24.997515],[121.595807,24.997659],[121.596005,24.997876],[121.596259,24.998183],[121.596446,24.998447],[121.596596,24.998679],[121.596733,24.998926],[121.596876,24.999197],[121.596992,24.999495]],[[121.596953,25.002319],[121.596881,25.002412],[121.596748,25.002562],[121.59663,25.002679],[121.596464,25.002816],[121.596289,25.002935],[121.596116,25.003038],[121.59595,25.003121],[121.595783,25.003188],[121.59561,25.003248],[121.595388,25.003301]],[[121.597129,24.999828],[121.597186,25.000018],[121.597227,25.000199],[121.597268,25.00044],[121.597305,25.000681],[121.597327,25.000887],[121.597339,25.001126],[121.597326,25.001283],[121.597302,25.001441],[121.597273,25.001591],[121.597236,25.001717]],[[121.596992,24.999495],[121.597079,24.999699],[121.597129,24.999828]],[[121.59453,25.003333],[121.594272,25.00329],[121.59399,25.00323]],[[121.59399,25.00323],[121.593739,25.003169],[121.592803,25.002888],[121.592553,25.002827],[121.592283,25.002776],[121.591968,25.002734],[121.591662,25.002716],[121.591311,25.002725],[121.590979,25.002757],[121.590536,25.002828],[121.590083,25.002894]],[[121.597129,24.999828],[121.59729,25.000197],[121.59742,25.000592],[121.597621,25.001154],[121.5977,25.001308],[121.59779,25.001414],[121.597898,25.001511],[121.598031,25.001598],[121.598194,25.001662],[121.598418,25.001715],[121.598967,25.001811],[121.599447,25.001939]],[[121.597236,25.001717],[121.597157,25.001944]],[[121.597157,25.001944],[121.597062,25.002133],[121.596953,25.002319]]]},"properties":{"id":"r25976388","title":"國道3號 → 國3甲（北向）","name":"木柵交流道","kind":"系統","dir":"北向","surface":[],"road":["福爾摩沙高速公路","台北聯絡線"],"from":["福爾摩沙高速公路"],"to":["台北聯絡線"],"lanes":1,"destination":"木柵;台北","layer":"1","point":[121.593582,24.994498],"ways":[25976388,28905737,51831664,51831665,51831677,51831679,515403755,771665508,771665509,771713174,1357815810,1357815811]}},{"type":"Feature","geometry":{"type":"MultiLineString","coordinates":[[[121.595147,25.003949],[121.595006,25.00367],[121.594864,25.003431]],[[121.595437,25.004735],[121.595147,25.003949]],[[121.594864,25.003431],[121.594742,25.003231],[121.594637,25.003083]],[[121.594379,25.002814],[121.594255,25.002707],[121.594077,25.002569],[121.593885,25.002448],[121.593688,25.002362],[121.593515,25.002316],[121.593328,25.002289],[121.593131,25.002282],[121.592958,25.002292],[121.592501,25.002362],[121.59191,25.002461]],[[121.594419,25.002786],[121.594324,25.002669],[121.594214,25.002553],[121.594005,25.002308],[121.59397,25.002258],[121.59393,25.002175],[121.593918,25.002097]],[[121.594637,25.003083],[121.594419,25.002786]],[[121.594637,25.003083],[121.594379,25.002814]]]},"properties":{"id":"r51831645","title":"國道3號 → 國3甲（南向）","name":"木柵交流道","kind":"系統","dir":"南向","surface":[],"road":["福爾摩沙高速公路","台北聯絡線"],"from":["福爾摩沙高速公路"],"to":["台北聯絡線"],"lanes":2,"destination":"台北;木柵;深坑","layer":"1","point":[121.595437,25.004735],"ways":[51831645,51831659,51831661,771665499,771665500,771665501,1444632882]}},{"type":"Feature","geometry":{"type":"MultiLineString","coordinates":[[[121.603085,25.024485],[121.602975,25.024573],[121.602967,25.024581],[121.602816,25.024702]]]},"properties":{"id":"r1311497428","title":"國道3號 → 國道3號（北向）","name":null,"kind":"系統","dir":"北向","surface":[],"road":["福爾摩沙高速公路"],"from":["福爾摩沙高速公路"],"to":["福爾摩沙高速公路"],"lanes":null,"destination":null,"layer":null,"point":[121.603085,25.024485],"ways":[1311497428]}},{"type":"Feature","geometry":{"type":"MultiLineString","coordinates":[[[121.574979,24.976499],[121.575001,24.97633],[121.575007,24.976282],[121.575032,24.97608]]]},"properties":{"id":"r397792794","title":"國道3號 → 國道3號（西向）","name":null,"kind":"系統","dir":"西向","surface":[],"road":["福爾摩沙高速公路"],"from":["福爾摩沙高速公路"],"to":["福爾摩沙高速公路"],"lanes":null,"destination":null,"layer":null,"point":[121.574979,24.976499],"ways":[397792794]}},{"type":"Feature","geometry":{"type":"MultiLineString","coordinates":[[[121.581247,24.978115],[121.581349,24.977911],[121.581395,24.97769]]]},"properties":{"id":"r397792798","title":"國道3號 → 國道3號（西向）","name":null,"kind":"系統","dir":"西向","surface":[],"road":["福爾摩沙高速公路"],"from":["福爾摩沙高速公路"],"to":["福爾摩沙高速公路"],"lanes":1,"destination":null,"layer":null,"point":[121.581247,24.978115],"ways":[397792798]}},{"type":"Feature","geometry":{"type":"MultiLineString","coordinates":[[[121.592868,24.993144],[121.593077,24.993108],[121.59324,24.993079]]]},"properties":{"id":"r71139256","title":"國道3號 → 國道3號（南向）","name":null,"kind":"系統","dir":"南向","surface":[],"road":["福爾摩沙高速公路"],"from":["福爾摩沙高速公路"],"to":["福爾摩沙高速公路"],"lanes":null,"destination":null,"layer":null,"point":[121.592868,24.993144],"ways":[71139256]}},{"type":"Feature","geometry":{"type":"MultiLineString","coordinates":[[[121.620384,25.035655],[121.619889,25.035368],[121.619608,25.035234],[121.619471,25.035209],[121.619356,25.035212],[121.619257,25.035235],[121.61917,25.035283],[121.619068,25.03535],[121.618989,25.035451],[121.618954,25.035552],[121.618938,25.035651],[121.618962,25.035775],[121.61902,25.035896],[121.619097,25.035986],[121.619186,25.036043],[121.619284,25.036095],[121.619375,25.036126],[121.619471,25.036143],[121.61959,25.036158],[121.619707,25.036163]],[[121.619707,25.036163],[121.619873,25.036143],[121.620012,25.03611],[121.620171,25.03607],[121.621133,25.035787]],[[121.621133,25.035787],[121.622723,25.035277]]]},"properties":{"id":"r18142747","title":"國道3號 → 蔣渭水高速公路（西向）","name":"南港系統交流道","kind":"系統","dir":"西向","surface":[],"road":["福爾摩沙高速公路","蔣渭水高速公路"],"from":["福爾摩沙高速公路"],"to":["蔣渭水高速公路"],"lanes":2,"destination":"石碇;宜蘭","layer":"1","point":[121.620384,25.035655],"ways":[18142747,18142760,18142762]}},{"type":"Feature","geometry":{"type":"MultiLineString","coordinates":[[[121.61827,25.034072],[121.618416,25.03413],[121.618609,25.034215],[121.619156,25.034537]],[[121.619156,25.034537],[121.620531,25.035341],[121.620753,25.035434],[121.620992,25.035511],[121.621247,25.035553],[121.621481,25.035546],[121.621752,25.035507],[121.622145,25.03541],[121.622723,25.035277]]]},"properties":{"id":"r18142739","title":"國道3號 → 蔣渭水高速公路（東向）","name":"南港系統交流道","kind":"系統","dir":"東向","surface":[],"road":["福爾摩沙高速公路","蔣渭水高速公路"],"from":["福爾摩沙高速公路"],"to":["蔣渭水高速公路"],"lanes":1,"destination":"石碇;宜蘭","layer":"2","point":[121.61827,25.034072],"ways":[18142739,135638648]}},{"type":"Feature","geometry":{"type":"MultiLineString","coordinates":[[[121.556938,24.975649],[121.556206,24.975284],[121.555173,24.97465],[121.554519,24.974229],[121.554137,24.974049],[121.553868,24.973919],[121.553542,24.973815],[121.553292,24.973736]]]},"properties":{"id":"r74315919","title":"國道3號 西向出口","name":"新店交流道","kind":"出口","dir":"西向","surface":[],"road":["福爾摩沙高速公路"],"from":["福爾摩沙高速公路"],"to":[],"lanes":null,"destination":null,"layer":"2","point":[121.556938,24.975649],"ways":[74315919]}},{"type":"Feature","geometry":{"type":"MultiLineString","coordinates":[[[121.570776,24.975955],[121.570834,24.975956],[121.571035,24.975984],[121.57127,24.975976],[121.571873,24.975948],[121.572025,24.975994]]]},"properties":{"id":"r297475550","title":"國道3號 東向入口","name":null,"kind":"入口","dir":"東向","surface":[],"road":["福爾摩沙高速公路"],"from":[],"to":["福爾摩沙高速公路"],"lanes":1,"destination":null,"layer":null,"point":[121.570776,24.975955],"ways":[297475550]}},{"type":"Feature","geometry":{"type":"MultiLineString","coordinates":[[[121.555223,24.973969],[121.555314,24.974138],[121.555482,24.974351],[121.555718,24.974576],[121.555895,24.974769]]]},"properties":{"id":"r840240997","title":"國道3號 東向入口","name":"新店交流道","kind":"入口","dir":"東向","surface":[],"road":["福爾摩沙高速公路"],"from":[],"to":["福爾摩沙高速公路"],"lanes":1,"destination":null,"layer":"2","point":[121.555223,24.973969],"ways":[840240997]}},{"type":"Feature","geometry":{"type":"MultiLineString","coordinates":[[[121.568842,24.976353],[121.569787,24.976131],[121.569935,24.976077],[121.569995,24.976053]]]},"properties":{"id":"r1188806252","title":"國道3號 東向出口","name":null,"kind":"出口","dir":"東向","surface":[],"road":["福爾摩沙高速公路"],"from":["福爾摩沙高速公路"],"to":[],"lanes":1,"destination":null,"layer":null,"point":[121.568842,24.976353],"ways":[1188806252]}},{"type":"Feature","geometry":{"type":"MultiLineString","coordinates":[[[121.615352,25.032376],[121.616121,25.032747],[121.616644,25.033032],[121.617002,25.033192],[121.617254,25.033282],[121.617909,25.033494],[121.61816,25.033593]],[[121.61816,25.033593],[121.618486,25.033755],[121.618643,25.033846],[121.619058,25.034114],[121.619145,25.034173]]]},"properties":{"id":"r135638645","title":"國道3號 東向出口（南深路）","name":"南深路出口匝道","kind":"出口","dir":"東向","surface":["南深路"],"road":["福爾摩沙高速公路"],"from":["福爾摩沙高速公路"],"to":[],"lanes":2,"destination":"中央研究院","layer":null,"point":[121.615352,25.032376],"ways":[135638645,840256325]}},{"type":"Feature","geometry":{"type":"MultiLineString","coordinates":[[[121.62369,25.035353],[121.623346,25.035489],[121.623076,25.035597],[121.622855,25.035771],[121.622697,25.035927],[121.622591,25.036083]],[[121.622591,25.036083],[121.622467,25.036335],[121.622428,25.036473],[121.622399,25.03662],[121.622401,25.036789],[121.622416,25.036949],[121.622479,25.037187]],[[121.622479,25.037187],[121.622568,25.037366],[121.622799,25.037729],[121.623033,25.038162]]]},"properties":{"id":"r18142751","title":"蔣渭水高速公路 → 國道3號（西向）","name":"南港系統交流道","kind":"系統","dir":"西向","surface":[],"road":["蔣渭水高速公路","福爾摩沙高速公路"],"from":["蔣渭水高速公路"],"to":["福爾摩沙高速公路"],"lanes":1,"destination":"汐止（北）;南港","layer":"1","point":[121.62369,25.035353],"ways":[18142751,135638649,135638654]}},{"type":"Feature","geometry":{"type":"MultiLineString","coordinates":[[[121.62369,25.035353],[121.622673,25.035631]],[[121.621286,25.035969],[121.620226,25.036208],[121.620008,25.036255],[121.619794,25.036275]],[[121.619794,25.036275],[121.619598,25.036278],[121.619444,25.036267],[121.619296,25.03623],[121.619164,25.036187],[121.619017,25.036096],[121.618919,25.035999],[121.618837,25.0359],[121.618779,25.03577],[121.618751,25.035648],[121.618736,25.035552],[121.618715,25.035368]],[[121.622673,25.035631],[121.622411,25.035699],[121.622091,25.035786],[121.621286,25.035969]],[[121.618258,25.034396],[121.618038,25.034223],[121.617068,25.033526]],[[121.618715,25.035368],[121.618687,25.035178],[121.618645,25.035014],[121.618599,25.034893],[121.61854,25.034755],[121.618451,25.034612],[121.618375,25.034511],[121.618258,25.034396]]]},"properties":{"id":"r18142753","title":"蔣渭水高速公路 → 國道3號（西向）","name":"南港系統交流道","kind":"系統","dir":"西向","surface":[],"road":["蔣渭水高速公路","福爾摩沙高速公路"],"from":["蔣渭水高速公路"],"to":["福爾摩沙高速公路"],"lanes":2,"destination":"木柵（南）;新店（南）","layer":"1","point":[121.62369,25.035353],"ways":[18142753,18142765,18142771,135638655,135638662,135638672]}},{"type":"Feature","geometry":{"type":"MultiLineString","coordinates":[[[121.630086,25.033126],[121.629947,25.032885]],[[121.629947,25.032885],[121.629927,25.032849]]]},"properties":{"id":"r1454369056","title":"蔣渭水高速公路 → 蔣渭水高速公路（西向）","name":"緊急連絡道","kind":"系統","dir":"西向","surface":[],"road":["蔣渭水高速公路"],"from":["蔣渭水高速公路"],"to":["蔣渭水高速公路"],"lanes":null,"destination":null,"layer":"-1","point":[121.630086,25.033126],"ways":[1454369056,1474861439]}},{"type":"Feature","geometry":{"type":"MultiLineString","coordinates":[[[121.625311,25.034499],[121.625418,25.034789]]]},"properties":{"id":"r553078200","title":"蔣渭水高速公路 → 蔣渭水高速公路（東向）","name":"緊急連絡道","kind":"系統","dir":"東向","surface":[],"road":["蔣渭水高速公路"],"from":["蔣渭水高速公路"],"to":["蔣渭水高速公路"],"lanes":null,"destination":null,"layer":null,"point":[121.625311,25.034499],"ways":[553078200]}},{"type":"Feature","geometry":{"type":"MultiLineString","coordinates":[[[121.576786,25.054968],[121.576526,25.054945],[121.576296,25.054946],[121.576026,25.054976],[121.575736,25.055038],[121.575452,25.055129],[121.575157,25.055256],[121.574906,25.055389],[121.574652,25.055571],[121.574418,25.055778],[121.574183,25.056025],[121.574012,25.056244]],[[121.572463,25.063924],[121.572495,25.06417]],[[121.574012,25.056244],[121.573859,25.056499],[121.573729,25.056766],[121.573662,25.056962],[121.573617,25.057135],[121.573583,25.057322],[121.573562,25.057517],[121.573556,25.057678],[121.573549,25.058198],[121.573482,25.058758],[121.573434,25.059118],[121.5732,25.060489],[121.573149,25.06067],[121.57291,25.061405],[121.572863,25.061593],[121.57282,25.061833],[121.572555,25.063267],[121.572519,25.063482],[121.572463,25.063924]],[[121.579101,25.055974],[121.57881,25.055901],[121.577996,25.055471],[121.577597,25.055258],[121.577401,25.055159],[121.577206,25.055079],[121.577022,25.055024],[121.576786,25.054968]]]},"properties":{"id":"r51813000","title":"環東大道 → 堤頂大道一段（西向）","name":null,"kind":"系統","dir":"西向","surface":[],"road":["環東大道","堤頂大道一段"],"from":["環東大道"],"to":["堤頂大道一段"],"lanes":1,"destination":null,"layer":"1","point":[121.579101,25.055974],"ways":[51813000,51813012,51813014,51813019]}},{"type":"Feature","geometry":{"type":"MultiLineString","coordinates":[[[121.613228,25.062182],[121.613164,25.06227],[121.613139,25.062303],[121.612925,25.06251],[121.6128,25.062627],[121.612777,25.06266],[121.612759,25.062701],[121.612752,25.062723],[121.612751,25.062743],[121.612755,25.062767],[121.612762,25.06278],[121.612772,25.062793],[121.612904,25.062912],[121.612958,25.06296],[121.613052,25.063065],[121.613208,25.063248]],[[121.612389,25.062443],[121.612496,25.062523],[121.612529,25.062552],[121.612556,25.062575]],[[121.612556,25.062575],[121.612619,25.062628],[121.612671,25.062637],[121.612718,25.062617],[121.613095,25.062266],[121.613113,25.062247],[121.613228,25.062182]]]},"properties":{"id":"r75844177","title":"環東大道 → 環東大道（東向）","name":null,"kind":"系統","dir":"東向","surface":[],"road":["環東大道"],"from":["環東大道"],"to":["環東大道"],"lanes":null,"destination":null,"layer":null,"point":[121.612389,25.062443],"ways":[75844177,310746646,1188236155]}},{"type":"Feature","geometry":{"type":"MultiLineString","coordinates":[[[121.622441,25.047522],[121.622024,25.047933],[121.621651,25.048402],[121.621337,25.048881],[121.621152,25.049241],[121.62103,25.049501],[121.620914,25.049788],[121.620824,25.050079],[121.620745,25.050374],[121.620669,25.050737],[121.620619,25.051045],[121.6206,25.051394],[121.620604,25.051726],[121.620619,25.052029],[121.620655,25.052385],[121.620703,25.052683],[121.620872,25.053289],[121.62104,25.053743],[121.621312,25.05434],[121.621669,25.055016],[121.621988,25.055567],[121.622136,25.055822],[121.622233,25.056027],[121.62233,25.056265],[121.622396,25.056474]],[[121.622396,25.056474],[121.622437,25.056653],[121.622454,25.05695]],[[121.622321,25.057779],[121.622281,25.057914]],[[121.622454,25.05695],[121.622451,25.057193],[121.622395,25.057534],[121.622321,25.057779]]]},"properties":{"id":"r23241834","title":"環東大道 北向入口","name":"南港聯絡道","kind":"入口","dir":"北向","surface":[],"road":["環東大道"],"from":[],"to":["環東大道"],"lanes":2,"destination":null,"layer":"2","point":[121.622441,25.047522],"ways":[23241834,60443717,260723114,260723117]}},{"type":"Feature","geometry":{"type":"MultiLineString","coordinates":[[[121.62289,25.05529],[121.622759,25.055444],[121.622662,25.055617],[121.622587,25.055792],[121.622527,25.056101]],[[121.622527,25.056101],[121.62252,25.05623],[121.622525,25.056431],[121.622532,25.056629],[121.622553,25.056957],[121.622531,25.057205],[121.622486,25.057429],[121.622391,25.05775],[121.622281,25.057914]]]},"properties":{"id":"r159934284","title":"環東大道 北向入口","name":null,"kind":"入口","dir":"北向","surface":[],"road":["環東大道"],"from":[],"to":["環東大道"],"lanes":1,"destination":null,"layer":"2","point":[121.62289,25.05529],"ways":[159934284,159934285]}},{"type":"Feature","geometry":{"type":"MultiLineString","coordinates":[[[121.621467,25.059131],[121.621349,25.059238],[121.621032,25.059666],[121.620791,25.059958],[121.620595,25.060184],[121.620506,25.060254]],[[121.617605,25.062513],[121.617507,25.062582],[121.617436,25.062601],[121.617357,25.062602],[121.617289,25.062592],[121.617221,25.062569],[121.617168,25.062531],[121.617131,25.062483],[121.617113,25.06244],[121.617099,25.062367],[121.617101,25.062318],[121.61712,25.062262],[121.617374,25.0619],[121.617392,25.061788]],[[121.617341,25.062483],[121.617381,25.062516],[121.617447,25.062526],[121.617519,25.062515],[121.617605,25.062513]],[[121.620506,25.060254],[121.620562,25.060169],[121.620763,25.059932],[121.620999,25.059645],[121.621076,25.059474]],[[121.620506,25.060254],[121.620071,25.060709],[121.619604,25.061128],[121.619367,25.06134],[121.619225,25.061457],[121.619097,25.061564],[121.618855,25.061758],[121.618579,25.061945]],[[121.617605,25.062513],[121.617787,25.062417],[121.618152,25.062208],[121.618462,25.062017],[121.61853,25.06198],[121.618579,25.061945]]]},"properties":{"id":"r80117301","title":"環東大道 北向雙向（經貿一路）","name":null,"kind":"雙向","dir":"北向","surface":["經貿一路"],"road":["環東大道"],"from":["環東大道"],"to":["環東大道"],"lanes":2,"destination":null,"layer":"2","point":[121.621467,25.059131],"ways":[80117301,80117304,80117307,80117312,159934286,1263637118]}},{"type":"Feature","geometry":{"type":"MultiLineString","coordinates":[[[121.618348,25.060591],[121.61698,25.062541],[121.61692,25.062606],[121.616743,25.062783],[121.616576,25.062895],[121.616405,25.062974],[121.61596,25.063126],[121.615462,25.063332]],[[121.619177,25.059487],[121.61896,25.059701]],[[121.61896,25.059701],[121.618348,25.060591]]]},"properties":{"id":"r77998960","title":"環東大道 西向入口（經貿一路）","name":"環東大道","kind":"入口","dir":"西向","surface":["經貿一路"],"road":["環東大道"],"from":[],"to":["環東大道"],"lanes":2,"destination":null,"layer":"3","point":[121.619177,25.059487],"ways":[77998960,77998961,1263637119]}},{"type":"Feature","geometry":{"type":"MultiLineString","coordinates":[[[121.614619,25.063509],[121.614811,25.063441],[121.614978,25.063375],[121.615141,25.063302],[121.615441,25.063177],[121.615772,25.063048],[121.616395,25.062824],[121.616582,25.062725],[121.61674,25.062619],[121.616865,25.062505],[121.616969,25.062387],[121.617329,25.061877]]]},"properties":{"id":"r75844185","title":"環東大道 東向出口（經園街）","name":null,"kind":"出口","dir":"東向","surface":["經園街"],"road":["環東大道"],"from":["環東大道"],"to":[],"lanes":null,"destination":"南港經貿園區;汐止;經貿一路;南港路","layer":null,"point":[121.614619,25.063509],"ways":[75844185]}},{"type":"Feature","geometry":{"type":"MultiLineString","coordinates":[[[121.622289,25.057568],[121.622347,25.057318],[121.622368,25.057136],[121.622369,25.056917],[121.622358,25.056734],[121.622306,25.056495],[121.62224,25.056266],[121.622075,25.0559],[121.621381,25.054672],[121.621206,25.05433],[121.620981,25.05383],[121.620826,25.053438],[121.620716,25.053094],[121.620599,25.052645],[121.620546,25.052273],[121.620524,25.05202],[121.620511,25.051685],[121.62052,25.051305],[121.620543,25.051036],[121.620589,25.050758],[121.620675,25.050357],[121.620728,25.050127],[121.620832,25.049797],[121.620962,25.049469],[121.621088,25.049189],[121.621267,25.04885],[121.621568,25.04837],[121.621943,25.047889],[121.62215,25.047661],[121.622451,25.047361]],[[121.621076,25.059474],[121.621419,25.059026],[121.621891,25.058394],[121.622049,25.05814],[121.622153,25.057948],[121.622232,25.057757],[121.622289,25.057568]]]},"properties":{"id":"r260723115","title":"環東大道 南向出口","name":"南港聯絡道","kind":"出口","dir":"南向","surface":[],"road":["環東大道"],"from":["環東大道"],"to":[],"lanes":2,"destination":null,"layer":"2","point":[121.621076,25.059474],"ways":[260723115,308524639]}},{"type":"Feature","geometry":{"type":"MultiLineString","coordinates":[[[121.583489,25.05823],[121.583122,25.058045],[121.583081,25.058025]],[[121.585956,25.059632],[121.585721,25.059426]],[[121.583081,25.058025],[121.582974,25.058009],[121.582929,25.058002],[121.582801,25.057983]],[[121.577427,25.054987],[121.575132,25.053756]],[[121.578687,25.055785],[121.578593,25.05561]],[[121.583489,25.05823],[121.585359,25.059234],[121.585721,25.059426]],[[121.577427,25.054987],[121.57778,25.055176],[121.578593,25.05561]],[[121.579257,25.055964],[121.581224,25.05702],[121.581293,25.057057],[121.581377,25.057101]],[[121.578593,25.05561],[121.578965,25.055808],[121.579,25.055827],[121.579047,25.055852],[121.579257,25.055964]],[[121.574793,25.053494],[121.575132,25.053756]],[[121.575132,25.053756],[121.574742,25.053629]],[[121.585721,25.059426],[121.586065,25.059543]],[[121.581377,25.057101],[121.581435,25.057133]],[[121.579257,25.055964],[121.579646,25.056034]],[[121.583081,25.058025],[121.581578,25.057209],[121.581561,25.057201],[121.581435,25.057133]]]},"properties":{"id":"r60443721","title":"環東大道／麥帥一橋 西向雙向（南京東路六段）","name":null,"kind":"雙向","dir":"西向","surface":["南京東路六段","舊宗路一段"],"road":["環東大道","麥帥一橋"],"from":["環東大道","麥帥一橋"],"to":["環東大道","麥帥一橋"],"lanes":2,"destination":"內湖","layer":"2","point":[121.585956,25.059632],"ways":[60443721,60443723,77998953,78138167,78138168,80117336,159933540,159933542,159933543,159933546,159933549,160125711,336696219,540217028,1188237786]}},{"type":"Feature","geometry":{"type":"MultiLineString","coordinates":[[[121.495773,25.016385],[121.495868,25.016366],[121.496416,25.016254],[121.496875,25.016196]],[[121.492574,25.019976],[121.492594,25.019886],[121.492744,25.019553],[121.493114,25.018743],[121.49338,25.018189],[121.493616,25.017781],[121.493771,25.017527],[121.493975,25.017292],[121.49414,25.01714]],[[121.496875,25.016196],[121.497301,25.016191],[121.49772,25.016244],[121.497861,25.016306]],[[121.49414,25.01714],[121.494201,25.017085],[121.494539,25.016874],[121.494715,25.016762],[121.494911,25.016669],[121.495318,25.016489],[121.495371,25.016466],[121.495773,25.016385]]]},"properties":{"id":"r229771727","title":"環河快速道路 → 水源快速道路（南向）","name":"水源快速道路萬大路引道","kind":"系統","dir":"南向","surface":[],"road":["環河快速道路","水源快速道路"],"from":["環河快速道路"],"to":["水源快速道路"],"lanes":2,"destination":null,"layer":"2","point":[121.492574,25.019976],"ways":[229771727,229771728,713597832,713760114]}},{"type":"Feature","geometry":{"type":"MultiLineString","coordinates":[[[121.506991,25.052177],[121.506743,25.051638],[121.506604,25.051454],[121.5064,25.051288],[121.506153,25.051152]],[[121.506153,25.051152],[121.505929,25.050997],[121.505782,25.050864],[121.505629,25.050679],[121.505416,25.050384],[121.505371,25.050268]]]},"properties":{"id":"r51919189","title":"環河快速道路 → 市民高架（南向）","name":null,"kind":"系統","dir":"南向","surface":[],"road":["環河快速道路","市民大道高架道路"],"from":["環河快速道路"],"to":["市民大道高架道路"],"lanes":1,"destination":"三重(忠孝橋)","layer":"4","point":[121.506991,25.052177],"ways":[51919189,51919190]}},{"type":"Feature","geometry":{"type":"MultiLineString","coordinates":[[[121.50562,25.048765],[121.505696,25.048824],[121.505933,25.049173],[121.506229,25.04961]],[[121.506229,25.04961],[121.506414,25.049907],[121.506461,25.049977]]]},"properties":{"id":"r51362370","title":"環河快速道路 → 未命名主線／市民高架（北向）","name":"市民大道","kind":"系統","dir":"北向","surface":[],"road":["環河快速道路","未命名主線","市民大道高架道路"],"from":["環河快速道路"],"to":["未命名主線","市民大道高架道路"],"lanes":1,"destination":"市民大道;三重","layer":"4","point":[121.50562,25.048765],"ways":[51362370,52242905]}},{"type":"Feature","geometry":{"type":"MultiLineString","coordinates":[[[121.505246,25.047622],[121.505162,25.04766],[121.505107,25.047706],[121.505066,25.047759],[121.505049,25.047825],[121.505048,25.047904],[121.505058,25.047948],[121.505084,25.047994],[121.505134,25.048052],[121.505331,25.048306],[121.505357,25.048399]]]},"properties":{"id":"r51919166","title":"環河快速道路 北向入口","name":null,"kind":"入口","dir":"北向","surface":[],"road":["環河快速道路"],"from":[],"to":["環河快速道路"],"lanes":null,"destination":null,"layer":"4","point":[121.505246,25.047622],"ways":[51919166]}},{"type":"Feature","geometry":{"type":"MultiLineString","coordinates":[[[121.495533,25.016746],[121.495428,25.016751],[121.495245,25.016809],[121.495044,25.01689],[121.494833,25.016986],[121.494629,25.017097],[121.494427,25.017222],[121.494119,25.017483],[121.493973,25.017645],[121.493961,25.017658],[121.493912,25.017712],[121.493723,25.017971],[121.492801,25.019921],[121.492687,25.020014]]]},"properties":{"id":"r713597835","title":"環河快速道路 北向入口（環河南路三段）","name":null,"kind":"入口","dir":"北向","surface":["環河南路三段"],"road":["環河快速道路"],"from":[],"to":["環河快速道路"],"lanes":null,"destination":null,"layer":null,"point":[121.495533,25.016746],"ways":[713597835]}},{"type":"Feature","geometry":{"type":"MultiLineString","coordinates":[[[121.504242,25.04723],[121.504351,25.047281],[121.504657,25.04756],[121.50475,25.047626],[121.504828,25.047647],[121.504904,25.047651],[121.504988,25.047636],[121.505232,25.047574]]]},"properties":{"id":"r51919168","title":"環河快速道路 北向出口（洛陽停車場）","name":null,"kind":"出口","dir":"北向","surface":[],"road":["環河快速道路"],"from":["環河快速道路"],"to":[],"lanes":null,"destination":"洛陽停車場","layer":"4","point":[121.504242,25.04723],"ways":[51919168]}},{"type":"Feature","geometry":{"type":"MultiLineString","coordinates":[[[121.504195,25.047164],[121.50408,25.04719],[121.50398,25.047176],[121.503607,25.046883],[121.503131,25.046504]],[[121.503131,25.046504],[121.502493,25.045996],[121.502283,25.045815],[121.502174,25.045675]]]},"properties":{"id":"r713760128","title":"環河快速道路 西向入口（環河快速道路）","name":null,"kind":"入口","dir":"西向","surface":[],"road":["環河快速道路"],"from":[],"to":["環河快速道路"],"lanes":1,"destination":"環河快速道路","layer":"1","point":[121.504195,25.047164],"ways":[713760128,713760129]}},{"type":"Feature","geometry":{"type":"MultiLineString","coordinates":[[[121.491218,25.036351],[121.491055,25.036267],[121.490749,25.035995],[121.490635,25.035903],[121.490491,25.035821],[121.490347,25.035755],[121.490177,25.035698],[121.490017,25.035668],[121.489814,25.035653],[121.488616,25.035669]],[[121.488616,25.035669],[121.488294,25.035685],[121.488117,25.035653]]]},"properties":{"id":"r52798001","title":"環河快速道路 西向出口（華江橋）","name":null,"kind":"出口","dir":"西向","surface":["華江橋"],"road":["環河快速道路"],"from":["環河快速道路"],"to":[],"lanes":1,"destination":"板橋(華江橋);台64線","layer":"3","point":[121.491218,25.036351],"ways":[52798001,52798005]}},{"type":"Feature","geometry":{"type":"MultiLineString","coordinates":[[[121.490488,25.035271],[121.490756,25.035597],[121.491058,25.035913],[121.491359,25.036175],[121.49209,25.036764]],[[121.488917,25.035467],[121.489017,25.035411],[121.489131,25.035356],[121.489217,25.035266],[121.489273,25.03514],[121.489287,25.035],[121.489266,25.034887],[121.489084,25.034499],[121.489056,25.034398],[121.489048,25.034273],[121.489062,25.034178],[121.489119,25.034083],[121.489203,25.033996],[121.48932,25.033956],[121.489438,25.033956],[121.48956,25.034001],[121.489644,25.034062],[121.489727,25.034169],[121.490079,25.034719],[121.490488,25.035271]]]},"properties":{"id":"r52797949","title":"環河快速道路 東向入口","name":null,"kind":"入口","dir":"東向","surface":[],"road":["環河快速道路"],"from":[],"to":["環河快速道路"],"lanes":null,"destination":null,"layer":"2","point":[121.488917,25.035467],"ways":[52797949,52798034]}},{"type":"Feature","geometry":{"type":"MultiLineString","coordinates":[[[121.494804,25.038164],[121.495146,25.038336],[121.495449,25.03852],[121.495882,25.038793],[121.49653,25.039239],[121.49674,25.039394],[121.497285,25.03981]],[[121.497285,25.03981],[121.497504,25.039976],[121.497707,25.040084],[121.49784,25.040089]]]},"properties":{"id":"r262211598","title":"環河快速道路 東向出口（環河南路一段）","name":"環河快速道路貴陽街匝道出口","kind":"出口","dir":"東向","surface":["環河南路一段"],"road":["環河快速道路"],"from":["環河快速道路"],"to":[],"lanes":1,"destination":"貴陽街","layer":"2","point":[121.494804,25.038164],"ways":[262211598,713597846]}},{"type":"Feature","geometry":{"type":"MultiLineString","coordinates":[[[121.497652,25.046028],[121.498336,25.045661],[121.498673,25.045482],[121.499138,25.045236],[121.499307,25.045116],[121.499452,25.044997],[121.499593,25.044869],[121.500219,25.044252]],[[121.500219,25.044252],[121.50037,25.044079],[121.500427,25.043917],[121.500435,25.043749],[121.500393,25.043548],[121.500399,25.043453]]]},"properties":{"id":"r52168887","title":"環河快速道路 南向入口","name":null,"kind":"入口","dir":"南向","surface":[],"road":["環河快速道路"],"from":[],"to":["環河快速道路"],"lanes":1,"destination":null,"layer":"2","point":[121.497652,25.046028],"ways":[52168887,52168888]}},{"type":"Feature","geometry":{"type":"MultiLineString","coordinates":[[[121.488837,25.033286],[121.488676,25.032717]],[[121.489414,25.034693],[121.488837,25.033286]],[[121.487771,25.035576],[121.488326,25.035498],[121.488576,25.035489],[121.488832,25.03548],[121.488917,25.035467],[121.489027,25.035455],[121.48916,25.035399],[121.489268,25.035319],[121.489361,25.035202],[121.489428,25.035067],[121.489446,25.03493],[121.48944,25.034806],[121.489414,25.034693]]]},"properties":{"id":"r52797931","title":"環河快速道路 南向入口（華江橋）","name":null,"kind":"入口","dir":"南向","surface":["華江橋"],"road":["環河快速道路"],"from":[],"to":["環河快速道路"],"lanes":1,"destination":null,"layer":"1","point":[121.487771,25.035576],"ways":[52797931,52797937,52798019]}},{"type":"Feature","geometry":{"type":"MultiLineString","coordinates":[[[121.488972,25.02855],[121.489076,25.028203],[121.489108,25.028099],[121.48918,25.027904],[121.489341,25.027507],[121.489749,25.026687]],[[121.489749,25.026687],[121.490024,25.026162],[121.490071,25.02603],[121.490088,25.025924],[121.490105,25.025712],[121.490116,25.025637],[121.490141,25.025558],[121.490394,25.024985]],[[121.490394,25.024985],[121.490591,25.024546],[121.490846,25.023842]]]},"properties":{"id":"r229773881","title":"環河快速道路 南向入口（環河南路二段）","name":"環河南路二段","kind":"入口","dir":"南向","surface":["環河南路二段"],"road":["環河快速道路"],"from":[],"to":["環河快速道路"],"lanes":1,"destination":null,"layer":"1","point":[121.488972,25.02855],"ways":[229773881,713597836,713597844]}},{"type":"Feature","geometry":{"type":"MultiLineString","coordinates":[[[121.500977,25.045125],[121.499712,25.045397],[121.49946,25.04547],[121.499228,25.045575],[121.497845,25.046321]],[[121.501732,25.045328],[121.501622,25.0453],[121.501494,25.045209],[121.501365,25.045134],[121.50124,25.045109],[121.501131,25.045104],[121.500977,25.045125]]]},"properties":{"id":"r52168889","title":"環河快速道路 南向出口（三重(中興橋)）","name":null,"kind":"出口","dir":"南向","surface":[],"road":["環河快速道路"],"from":["環河快速道路"],"to":[],"lanes":1,"destination":"三重(中興橋)","layer":"2","point":[121.501732,25.045328],"ways":[52168889,52168895]}},{"type":"Feature","geometry":{"type":"MultiLineString","coordinates":[[[121.506397,25.049757],[121.506167,25.049219],[121.505954,25.048871],[121.505774,25.04862],[121.505652,25.048481],[121.504809,25.047701],[121.504195,25.047164],[121.503656,25.046695],[121.50252,25.045774],[121.502409,25.045648]],[[121.506709,25.050567],[121.506629,25.050506],[121.506471,25.050109],[121.506397,25.049757]],[[121.500169,25.042637],[121.500014,25.042367],[121.499934,25.04224],[121.499832,25.042111],[121.499576,25.041892]],[[121.499576,25.041892],[121.499281,25.04166],[121.498471,25.041041],[121.498342,25.040915],[121.498121,25.040599],[121.498013,25.040391],[121.497965,25.040246]],[[121.500469,25.043059],[121.500344,25.042656],[121.500236,25.042344],[121.500104,25.042121],[121.499933,25.041916],[121.499708,25.041726],[121.49833,25.040682],[121.498187,25.040551],[121.498061,25.040372]],[[121.502409,25.045648],[121.501732,25.04507],[121.50141,25.044827],[121.501174,25.04472],[121.501013,25.044673],[121.500773,25.044713],[121.499806,25.04524],[121.499533,25.045343]],[[121.499408,25.045155],[121.499587,25.045013],[121.49965,25.044979],[121.500264,25.044666],[121.500525,25.044518],[121.500657,25.044407],[121.500724,25.044283],[121.500763,25.044107],[121.500726,25.043889],[121.50053,25.043171],[121.500469,25.043059]],[[121.501378,25.044856],[121.501097,25.04465],[121.500925,25.044471],[121.500793,25.044239],[121.500713,25.044011],[121.500644,25.043766]],[[121.497382,25.038868],[121.497308,25.038755],[121.49722,25.038679]],[[121.506529,25.049934],[121.50645,25.049866],[121.506397,25.049757]],[[121.500644,25.043766],[121.500584,25.043554],[121.500469,25.043059]],[[121.498061,25.040372],[121.497965,25.040246]],[[121.502409,25.045648],[121.501754,25.045158],[121.501378,25.044856]],[[121.497965,25.040246],[121.497382,25.038868]]]},"properties":{"id":"r51911168","title":"環河快速道路 南向出口（中興橋）","name":"環河南路快速道路","kind":"出口","dir":"南向","surface":["中興橋","環河南路一段"],"road":["環河快速道路"],"from":["環河快速道路"],"to":[],"lanes":3,"destination":"桂林路;環河南路","layer":"1","point":[121.500169,25.042637],"ways":[51911168,51919164,52168892,52168893,52168897,52168898,52168899,52168904,229842824,888902276,1124766180,1124766181,1124766618,1124767182]}},{"type":"Feature","geometry":{"type":"MultiLineString","coordinates":[[[121.488316,25.030105],[121.488483,25.029332],[121.488532,25.029192],[121.48857,25.02914],[121.488618,25.02909],[121.488679,25.029057],[121.48875,25.029038],[121.488821,25.029036],[121.488871,25.029045],[121.488927,25.029065],[121.488985,25.029106],[121.48903,25.029156],[121.489057,25.029214],[121.489107,25.029371],[121.489136,25.029441],[121.489202,25.02957],[121.489279,25.029688],[121.489352,25.029781]],[[121.489352,25.029781],[121.489742,25.030222],[121.489909,25.030301]]]},"properties":{"id":"r385036420","title":"環河快速道路 南向出口（環河南路二段）","name":null,"kind":"出口","dir":"南向","surface":["環河南路二段"],"road":["環河快速道路"],"from":["環河快速道路"],"to":[],"lanes":null,"destination":"西藏路","layer":"2","point":[121.488316,25.030105],"ways":[385036420,385036421]}}]}